mediaSessionsKey,mediaId
sm1.cMCL.289374063.238.z034A8sCqCRYy-_NZOpGnesCqCQDZD36Z85qJzACqCO,1086156585
sm1.cMCL.289374063.238.z034A8sCqCRYy-_NZOpGnesCqCQDZD36Z85qJzACqCO,1086265154
sm1.cMCL.289374063.238.z034A8sCqCRYy-_NZOpGnesCqCQDZD36Z85qJzACqCO,1086269562
sm1.cMCL.289374063.238.z034A8sCqCRYy-_NZOpGnesCqCQDZD36Z85qJzACqCO,1085657048
sm1.cMCL.289374063.238.z034A8sCqCRYy-_NZOpGnesCqCQDZD36Z85qJzACqCO,1085283096
sm1.cMCL.289374063.238.z034A8sCqCRYy-_NZOpGnesCqCQDZD36Z85qJzACqCO,1085382989
sm1.cMCL.289374063.238.z034A8sCqCRYy-_NZOpGnesCqCQDZD36Z85qJzACqCO,1083762520
sm1.cMCL.289374063.238.z034A8sCqCRYy-_NZOpGnesCqCQDZD36Z85qJzACqCO,1086265700
sm1.cMCL.289374063.238.z034A8sCqCRYy-_NZOpGnesCqCQDZD36Z85qJzACqCO,1083031771
sm1.cMCL.289374063.238.z034A8sCqCRYy-_NZOpGnesCqCQDZD36Z85qJzACqCO,1084555851
sm1.cMCL.289374063.238.z034A8sCqCRYy-_NZOpGnesCqCQDZD36Z85qJzACqCO,1082217477
sm1.cMCL.289374063.238.z034A8sCqCRYy-_NZOpGnesCqCQDZD36Z85qJzACqCO,1083096954
sm1.cMCL.289374063.238.z034A8sCqCRYy-_NZOpGnesCqCQDZD36Z85qJzACqCO,1082464050
sm1.cMCL.289374063.238.z034A8sCqCRYy-_NZOpGnesCqCQDZD36Z85qJzACqCO,1085523075
sm1.cMCL.289374063.238.z034A8sCqCRYy-_NZOpGnesCqCQDZD36Z85qJzACqCO,1081900544
sm1.cMCL.289374063.238.z034A8sCqCRYy-_NZOpGnesCqCQDZD36Z85qJzACqCO,1084262267
sm1.cMCL.289374063.238.z034A8sCqCRYy-_NZOpGnesCqCQDZD36Z85qJzACqCO,1084429062
sm1.cMCL.289374063.238.z034A8sCqCRYy-_NZOpGnesCqCQDZD36Z85qJzACqCO,1084718389
sm1.cMCL.289374063.238.z034A8sCqCRYy-_NZOpGnesCqCQDZD36Z85qJzACqCO,1082737048
sm1.cMCL.289374063.238.z034A8sCqCRYy-_NZOpGnesCqCQDZD36Z85qJzACqCO,1082235486
sm1.cMCL.289374063.238.z034A8sCqCRYy-_NZOpGnesCqCQDZD36Z85qJzACqCO,1082288731
sm1.cMCL.289374063.238.z034A8sCqCRYy-_NZOpGnesCqCQDZD36Z85qJzACqCO,1085622863
sm1.cMCL.289374063.238.z034A8sCqCRYy-_NZOpGnesCqCQDZD36Z85qJzACqCO,1084367789
sm1.cMCL.289374063.238.z034A8sCqCRYy-_NZOpGnesCqCQDZD36Z85qJzACqCO,1082080682
sm1.cMCL.289374063.238.z034A8sCqCRYy-_NZOpGnesCqCQDZD36Z85qJzACqCO,1084724851
sm1.cMCL.289374063.238.z034A8sCqCRYy-_NZOpGnesCqCQDZD36Z85qJzACqCO,1080922664
sm1.cMCL.289374063.238.z034A8sCqCRYy-_NZOpGnesCqCQDZD36Z85qJzACqCO,1082076899
sm1.cMCL.289374063.238.z034A8sCqCRYy-_NZOpGnesCqCQDZD36Z85qJzACqCO,1084724416
sm1.cMCL.289374063.238.z034A8sCqCRYy-_NZOpGnesCqCQDZD36Z85qJzACqCO,1086483322
sm1.cMCL.289374063.238.z034A8sCqCRYy-_NZOpGnesCqCQDZD36Z85qJzACqCO,1085275420
sm1.cMCL.289374063.238.z034A8sCqCRYy-_NZOpGnesCqCQDZD36Z85qJzACqCO,1083193680
sm1.cMCL.289374063.238.z034A8sCqCRYy-_NZOpGnesCqCQDZD36Z85qJzACqCO,1085381049
sm1.cMCL.289374063.238.z034A8sCqCRYy-_NZOpGnesCqCQDZD36Z85qJzACqCO,1084362934
sm1.cMCL.289374063.238.z034A8sCqCRYy-_NZOpGnesCqCQDZD36Z85qJzACqCO,1083733879
sm1.cMCL.289374063.238.z034A8sCqCRYy-_NZOpGnesCqCQDZD36Z85qJzACqCO,1086035938
sm1.cMCL.289374063.238.z034A8sCqCRYy-_NZOpGnesCqCQDZD36Z85qJzACqCO,1084554753
sm1.cMCL.289374063.238.z034A8sCqCRYy-_NZOpGnesCqCQDZD36Z85qJzACqCO,1082955375
sm1.cMCL.289374063.238.z034A8sCqCRYy-_NZOpGnesCqCQDZD36Z85qJzACqCO,1085752314
sm1.cMCL.289374063.238.z034A8sCqCRYy-_NZOpGnesCqCQDZD36Z85qJzACqCO,1082241753
sm1.cMCL.289374063.238.z034A8sCqCRYy-_NZOpGnesCqCQDZD36Z85qJzACqCO,1085285439
sm1.cMCL.289374063.238.z034A8sCqCRYy-_NZOpGnesCqCQDZD36Z85qJzACqCO,1086034900
sm1.cMCL.289374063.238.z034A8sCqCRYy-_NZOpGnesCqCQDZD36Z85qJzACqCO,1086266072
sm1.cMCL.289374063.238.z034A8sCqCRYy-_NZOpGnesCqCQDZD36Z85qJzACqCO,1082788716
sm1.cMCL.289374063.238.z034A8sCqCRYy-_NZOpGnesCqCQDZD36Z85qJzACqCO,1086132430
sm1.cMCL.289374063.238.z034A8sCqCRYy-_NZOpGnesCqCQDZD36Z85qJzACqCO,1084722450
sm1.cMCL.289374063.238.z034A8sCqCRYy-_NZOpGnesCqCQDZD36Z85qJzACqCO,1084364645
sm1.cMCL.289374063.238.z034A8sCqCRYy-_NZOpGnesCqCQDZD36Z85qJzACqCO,1085505083
sm1.cMCL.289374063.238.z034A8sCqCRYy-_NZOpGnesCqCQDZD36Z85qJzACqCO,1085182633
sm1.cMCL.289374063.238.z034A8sCqCRYy-_NZOpGnesCqCQDZD36Z85qJzACqCO,1086486381
sm1.cMCL.289374063.238.z034A8sCqCRYy-_NZOpGnesCqCQDZD36Z85qJzACqCO,1083860672
sm1.cMCL.289374063.238.z034A8sCqCRYy-_NZOpGnesCqCQDZD36Z85qJzACqCO,1084366022
sm1.cMCL.289374063.238.z034A8sCqCRYy-_NZOpGnesCqCQDZD36Z85qJzACqCO,1083030837
sm1.cMCL.289374063.238.z034A8sCqCRYy-_NZOpGnesCqCQDZD36Z85qJzACqCO,1083026377
sm1.cMCL.289374063.238.z034A8sCqCRYy-_NZOpGnesCqCQDZD36Z85qJzACqCO,1080856394
sm1.cMCL.289374063.238.z034A8sCqCRYy-_NZOpGnesCqCQDZD36Z85qJzACqCO,1086484351
sm1.cMCL.289374063.238.z034A8sCqCRYy-_NZOpGnesCqCQDZD36Z85qJzACqCO,1085655157
sm1.cMCL.289374063.238.z034A8sCqCRYy-_NZOpGnesCqCQDZD36Z85qJzACqCO,1082720609
sm1.cMCL.289374063.238.z034A8sCqCRYy-_NZOpGnesCqCQDZD36Z85qJzACqCO,1084729113
sm1.cMCL.289374063.238.z034A8sCqCRYy-_NZOpGnesCqCQDZD36Z85qJzACqCO,1084736110
sm1.cMCL.289374063.238.z034A8sCqCRYy-_NZOpGnesCqCQDZD36Z85qJzACqCO,1085342462
sm1.cMCL.289374063.238.z034A8sCqCRYy-_NZOpGnesCqCQDZD36Z85qJzACqCO,1080535674
sm1.cMCL.289374063.238.z034A8sCqCRYy-_NZOpGnesCqCQDZD36Z85qJzACqCO,1084557703
sm1.cMCL.289374063.238.z034A8sCqCRYy-_NZOpGnesCqCQDZD36Z85qJzACqCO,1084363896
sm1.cMCL.289374063.238.z034A8sCqCRYy-_NZOpGnesCqCQDZD36Z85qJzACqCO,1085291232
sm1.cMCL.289374063.238.z034A8sCqCRYy-_NZOpGnesCqCQDZD36Z85qJzACqCO,1084371225
sm1.cMCL.289374063.238.z034A8sCqCRYy-_NZOpGnesCqCQDZD36Z85qJzACqCO,1082090356
sm1.cMCL.289374063.238.z034A8sCqCRYy-_NZOpGnesCqCQDZD36Z85qJzACqCO,1085289792
sm1.cMCL.289374063.238.z034A8sCqCRYy-_NZOpGnesCqCQDZD36Z85qJzACqCO,1084737680
sm1.cMCL.289374063.238.z034A8sCqCRYy-_NZOpGnesCqCQDZD36Z85qJzACqCO,1084205252
sm1.cMCL.289374063.238.z034A8sCqCRYy-_NZOpGnesCqCQDZD36Z85qJzACqCO,1085173161
sm1.cMCL.289374063.238.z034A8sCqCRYy-_NZOpGnesCqCQDZD36Z85qJzACqCO,1082354524
sm1.cMCL.289374063.238.z034A8sCqCRYy-_NZOpGnesCqCQDZD36Z85qJzACqCO,1086604545
sm1.cMCL.289374063.238.z034A8sCqCRYy-_NZOpGnesCqCQDZD36Z85qJzACqCO,1084669396
sm1.cMCL.289374063.238.z034A8sCqCRYy-_NZOpGnesCqCQDZD36Z85qJzACqCO,1082224972
sm1.cMCL.289374063.238.z034A8sCqCRYy-_NZOpGnesCqCQDZD36Z85qJzACqCO,1085287377
sm1.cMCL.289374063.238.z034A8sCqCRYy-_NZOpGnesCqCQDZD36Z85qJzACqCO,1085648652
sm1.cMCL.289374063.238.z034A8sCqCRYy-_NZOpGnesCqCQDZD36Z85qJzACqCO,1081566701
sm1.cMCL.289374063.238.z034A8sCqCRYy-_NZOpGnesCqCQDZD36Z85qJzACqCO,1084550643
sm1.cMCL.289374063.238.z034A8sCqCRYy-_NZOpGnesCqCQDZD36Z85qJzACqCO,1084366854
sm1.cMCL.289374063.238.z034A8sCqCRYy-_NZOpGnesCqCQDZD36Z85qJzACqCO,1082080429
sm1.cMCL.289374063.238.z034A8sCqCRYy-_NZOpGnesCqCQDZD36Z85qJzACqCO,1084310932
sm1.cMCL.289374063.238.z034A8sCqCRYy-_NZOpGnesCqCQDZD36Z85qJzACqCO,1082462558
sm1.cMCL.289374063.238.z034A8sCqCRYy-_NZOpGnesCqCQDZD36Z85qJzACqCO,1084738217
sm1.cMCL.289374063.238.z034A8sCqCRYy-_NZOpGnesCqCQDZD36Z85qJzACqCO,1079387775
sm1.cMCL.289374063.238.z034A8sCqCRYy-_NZOpGnesCqCQDZD36Z85qJzACqCO,1081957949
sm1.cMCL.289374063.238.z034A8sCqCRYy-_NZOpGnesCqCQDZD36Z85qJzACqCO,1083992665
sm1.cMCL.289374063.238.z034A8sCqCRYy-_NZOpGnesCqCQDZD36Z85qJzACqCO,1084737531
sm1.cMCL.289374063.238.z034A8sCqCRYy-_NZOpGnesCqCQDZD36Z85qJzACqCO,1085477205
sm1.cMCL.289374063.238.z034A8sCqCRYy-_NZOpGnesCqCQDZD36Z85qJzACqCO,1084671235
sm1.cMCL.289374063.238.z034A8sCqCRYy-_NZOpGnesCqCQDZD36Z85qJzACqCO,1083981122
sm1.cMCL.289374063.238.z034A8sCqCRYy-_NZOpGnesCqCQDZD36Z85qJzACqCO,1084268022
sm1.cMCL.289374063.238.z034A8sCqCRYy-_NZOpGnesCqCQDZD36Z85qJzACqCO,1084746193
sm1.cMCL.289374063.238.z034A8sCqCRYy-_NZOpGnesCqCQDZD36Z85qJzACqCO,1085264171
sm1.cMCL.289374063.238.z034A8sCqCRYy-_NZOpGnesCqCQDZD36Z85qJzACqCO,1084550284
sm1.cMCL.289374063.238.z034A8sCqCRYy-_NZOpGnesCqCQDZD36Z85qJzACqCO,1082564046
sm1.cMCL.289374063.238.z034A8sCqCRYy-_NZOpGnesCqCQDZD36Z85qJzACqCO,1080662069
sm1.cMCL.289374063.238.z034A8sCqCRYy-_NZOpGnesCqCQDZD36Z85qJzACqCO,1084164754
sm1.cMCL.289374063.238.z034A8sCqCRYy-_NZOpGnesCqCQDZD36Z85qJzACqCO,1083026977
sm1.cMCL.289374063.238.z034A8sCqCRYy-_NZOpGnesCqCQDZD36Z85qJzACqCO,1080673276
sm1.cMCL.289374063.238.z034A8sCqCRYy-_NZOpGnesCqCQDZD36Z85qJzACqCO,1080919154
sm1.q33e.1013522712.108.KjtRFuEZtkcRWhVLWwFUwOEZtkc3ezxfWk2OPDoZtka,1086156585
sm1.q33e.1013522712.108.KjtRFuEZtkcRWhVLWwFUwOEZtkc3ezxfWk2OPDoZtka,1086265154
sm1.q33e.1013522712.108.KjtRFuEZtkcRWhVLWwFUwOEZtkc3ezxfWk2OPDoZtka,1086269562
sm1.q33e.1013522712.108.KjtRFuEZtkcRWhVLWwFUwOEZtkc3ezxfWk2OPDoZtka,1085657048
sm1.q33e.1013522712.108.KjtRFuEZtkcRWhVLWwFUwOEZtkc3ezxfWk2OPDoZtka,1085283096
sm1.q33e.1013522712.108.KjtRFuEZtkcRWhVLWwFUwOEZtkc3ezxfWk2OPDoZtka,1085382989
sm1.q33e.1013522712.108.KjtRFuEZtkcRWhVLWwFUwOEZtkc3ezxfWk2OPDoZtka,1083762520
sm1.q33e.1013522712.108.KjtRFuEZtkcRWhVLWwFUwOEZtkc3ezxfWk2OPDoZtka,1086265700
sm1.q33e.1013522712.108.KjtRFuEZtkcRWhVLWwFUwOEZtkc3ezxfWk2OPDoZtka,1083031771
sm1.q33e.1013522712.108.KjtRFuEZtkcRWhVLWwFUwOEZtkc3ezxfWk2OPDoZtka,1084555851
sm1.q33e.1013522712.108.KjtRFuEZtkcRWhVLWwFUwOEZtkc3ezxfWk2OPDoZtka,1082217477
sm1.q33e.1013522712.108.KjtRFuEZtkcRWhVLWwFUwOEZtkc3ezxfWk2OPDoZtka,1083096954
sm1.q33e.1013522712.108.KjtRFuEZtkcRWhVLWwFUwOEZtkc3ezxfWk2OPDoZtka,1082464050
sm1.q33e.1013522712.108.KjtRFuEZtkcRWhVLWwFUwOEZtkc3ezxfWk2OPDoZtka,1085523075
sm1.q33e.1013522712.108.KjtRFuEZtkcRWhVLWwFUwOEZtkc3ezxfWk2OPDoZtka,1081900544
sm1.q33e.1013522712.108.KjtRFuEZtkcRWhVLWwFUwOEZtkc3ezxfWk2OPDoZtka,1084262267
sm1.q33e.1013522712.108.KjtRFuEZtkcRWhVLWwFUwOEZtkc3ezxfWk2OPDoZtka,1084429062
sm1.q33e.1013522712.108.KjtRFuEZtkcRWhVLWwFUwOEZtkc3ezxfWk2OPDoZtka,1084718389
sm1.q33e.1013522712.108.KjtRFuEZtkcRWhVLWwFUwOEZtkc3ezxfWk2OPDoZtka,1082737048
sm1.q33e.1013522712.108.KjtRFuEZtkcRWhVLWwFUwOEZtkc3ezxfWk2OPDoZtka,1082235486
sm1.q33e.1013522712.108.KjtRFuEZtkcRWhVLWwFUwOEZtkc3ezxfWk2OPDoZtka,1082288731
sm1.q33e.1013522712.108.KjtRFuEZtkcRWhVLWwFUwOEZtkc3ezxfWk2OPDoZtka,1085622863
sm1.q33e.1013522712.108.KjtRFuEZtkcRWhVLWwFUwOEZtkc3ezxfWk2OPDoZtka,1084367789
sm1.q33e.1013522712.108.KjtRFuEZtkcRWhVLWwFUwOEZtkc3ezxfWk2OPDoZtka,1082080682
sm1.q33e.1013522712.108.KjtRFuEZtkcRWhVLWwFUwOEZtkc3ezxfWk2OPDoZtka,1084724851
sm1.q33e.1013522712.108.KjtRFuEZtkcRWhVLWwFUwOEZtkc3ezxfWk2OPDoZtka,1080922664
sm1.q33e.1013522712.108.KjtRFuEZtkcRWhVLWwFUwOEZtkc3ezxfWk2OPDoZtka,1082076899
sm1.q33e.1013522712.108.KjtRFuEZtkcRWhVLWwFUwOEZtkc3ezxfWk2OPDoZtka,1084724416
sm1.q33e.1013522712.108.KjtRFuEZtkcRWhVLWwFUwOEZtkc3ezxfWk2OPDoZtka,1086483322
sm1.q33e.1013522712.108.KjtRFuEZtkcRWhVLWwFUwOEZtkc3ezxfWk2OPDoZtka,1085275420
sm1.q33e.1013522712.108.KjtRFuEZtkcRWhVLWwFUwOEZtkc3ezxfWk2OPDoZtka,1083193680
sm1.q33e.1013522712.108.KjtRFuEZtkcRWhVLWwFUwOEZtkc3ezxfWk2OPDoZtka,1085381049
sm1.q33e.1013522712.108.KjtRFuEZtkcRWhVLWwFUwOEZtkc3ezxfWk2OPDoZtka,1084362934
sm1.q33e.1013522712.108.KjtRFuEZtkcRWhVLWwFUwOEZtkc3ezxfWk2OPDoZtka,1083733879
sm1.q33e.1013522712.108.KjtRFuEZtkcRWhVLWwFUwOEZtkc3ezxfWk2OPDoZtka,1086035938
sm1.q33e.1013522712.108.KjtRFuEZtkcRWhVLWwFUwOEZtkc3ezxfWk2OPDoZtka,1084554753
sm1.q33e.1013522712.108.KjtRFuEZtkcRWhVLWwFUwOEZtkc3ezxfWk2OPDoZtka,1082955375
sm1.q33e.1013522712.108.KjtRFuEZtkcRWhVLWwFUwOEZtkc3ezxfWk2OPDoZtka,1085752314
sm1.q33e.1013522712.108.KjtRFuEZtkcRWhVLWwFUwOEZtkc3ezxfWk2OPDoZtka,1082241753
sm1.q33e.1013522712.108.KjtRFuEZtkcRWhVLWwFUwOEZtkc3ezxfWk2OPDoZtka,1085285439
sm1.q33e.1013522712.108.KjtRFuEZtkcRWhVLWwFUwOEZtkc3ezxfWk2OPDoZtka,1086034900
sm1.q33e.1013522712.108.KjtRFuEZtkcRWhVLWwFUwOEZtkc3ezxfWk2OPDoZtka,1086266072
sm1.q33e.1013522712.108.KjtRFuEZtkcRWhVLWwFUwOEZtkc3ezxfWk2OPDoZtka,1082788716
sm1.q33e.1013522712.108.KjtRFuEZtkcRWhVLWwFUwOEZtkc3ezxfWk2OPDoZtka,1086132430
sm1.q33e.1013522712.108.KjtRFuEZtkcRWhVLWwFUwOEZtkc3ezxfWk2OPDoZtka,1084722450
sm1.q33e.1013522712.108.KjtRFuEZtkcRWhVLWwFUwOEZtkc3ezxfWk2OPDoZtka,1084364645
sm1.q33e.1013522712.108.KjtRFuEZtkcRWhVLWwFUwOEZtkc3ezxfWk2OPDoZtka,1085505083
sm1.q33e.1013522712.108.KjtRFuEZtkcRWhVLWwFUwOEZtkc3ezxfWk2OPDoZtka,1085182633
sm1.q33e.1013522712.108.KjtRFuEZtkcRWhVLWwFUwOEZtkc3ezxfWk2OPDoZtka,1086486381
sm1.q33e.1013522712.108.KjtRFuEZtkcRWhVLWwFUwOEZtkc3ezxfWk2OPDoZtka,1083860672
sm1.q33e.1013522712.108.KjtRFuEZtkcRWhVLWwFUwOEZtkc3ezxfWk2OPDoZtka,1084366022
sm1.q33e.1013522712.108.KjtRFuEZtkcRWhVLWwFUwOEZtkc3ezxfWk2OPDoZtka,1083030837
sm1.q33e.1013522712.108.KjtRFuEZtkcRWhVLWwFUwOEZtkc3ezxfWk2OPDoZtka,1083026377
sm1.q33e.1013522712.108.KjtRFuEZtkcRWhVLWwFUwOEZtkc3ezxfWk2OPDoZtka,1080856394
sm1.q33e.1013522712.108.KjtRFuEZtkcRWhVLWwFUwOEZtkc3ezxfWk2OPDoZtka,1086484351
sm1.q33e.1013522712.108.KjtRFuEZtkcRWhVLWwFUwOEZtkc3ezxfWk2OPDoZtka,1085655157
sm1.q33e.1013522712.108.KjtRFuEZtkcRWhVLWwFUwOEZtkc3ezxfWk2OPDoZtka,1082720609
sm1.q33e.1013522712.108.KjtRFuEZtkcRWhVLWwFUwOEZtkc3ezxfWk2OPDoZtka,1084729113
sm1.q33e.1013522712.108.KjtRFuEZtkcRWhVLWwFUwOEZtkc3ezxfWk2OPDoZtka,1084736110
sm1.q33e.1013522712.108.KjtRFuEZtkcRWhVLWwFUwOEZtkc3ezxfWk2OPDoZtka,1085342462
sm1.q33e.1013522712.108.KjtRFuEZtkcRWhVLWwFUwOEZtkc3ezxfWk2OPDoZtka,1080535674
sm1.q33e.1013522712.108.KjtRFuEZtkcRWhVLWwFUwOEZtkc3ezxfWk2OPDoZtka,1084557703
sm1.q33e.1013522712.108.KjtRFuEZtkcRWhVLWwFUwOEZtkc3ezxfWk2OPDoZtka,1084363896
sm1.q33e.1013522712.108.KjtRFuEZtkcRWhVLWwFUwOEZtkc3ezxfWk2OPDoZtka,1085291232
sm1.q33e.1013522712.108.KjtRFuEZtkcRWhVLWwFUwOEZtkc3ezxfWk2OPDoZtka,1084371225
sm1.q33e.1013522712.108.KjtRFuEZtkcRWhVLWwFUwOEZtkc3ezxfWk2OPDoZtka,1082090356
sm1.q33e.1013522712.108.KjtRFuEZtkcRWhVLWwFUwOEZtkc3ezxfWk2OPDoZtka,1085289792
sm1.q33e.1013522712.108.KjtRFuEZtkcRWhVLWwFUwOEZtkc3ezxfWk2OPDoZtka,1084737680
sm1.q33e.1013522712.108.KjtRFuEZtkcRWhVLWwFUwOEZtkc3ezxfWk2OPDoZtka,1084205252
sm1.q33e.1013522712.108.KjtRFuEZtkcRWhVLWwFUwOEZtkc3ezxfWk2OPDoZtka,1085173161
sm1.q33e.1013522712.108.KjtRFuEZtkcRWhVLWwFUwOEZtkc3ezxfWk2OPDoZtka,1082354524
sm1.q33e.1013522712.108.KjtRFuEZtkcRWhVLWwFUwOEZtkc3ezxfWk2OPDoZtka,1086604545
sm1.q33e.1013522712.108.KjtRFuEZtkcRWhVLWwFUwOEZtkc3ezxfWk2OPDoZtka,1084669396
sm1.q33e.1013522712.108.KjtRFuEZtkcRWhVLWwFUwOEZtkc3ezxfWk2OPDoZtka,1082224972
sm1.q33e.1013522712.108.KjtRFuEZtkcRWhVLWwFUwOEZtkc3ezxfWk2OPDoZtka,1085287377
sm1.q33e.1013522712.108.KjtRFuEZtkcRWhVLWwFUwOEZtkc3ezxfWk2OPDoZtka,1085648652
sm1.q33e.1013522712.108.KjtRFuEZtkcRWhVLWwFUwOEZtkc3ezxfWk2OPDoZtka,1081566701
sm1.q33e.1013522712.108.KjtRFuEZtkcRWhVLWwFUwOEZtkc3ezxfWk2OPDoZtka,1084550643
sm1.q33e.1013522712.108.KjtRFuEZtkcRWhVLWwFUwOEZtkc3ezxfWk2OPDoZtka,1084366854
sm1.q33e.1013522712.108.KjtRFuEZtkcRWhVLWwFUwOEZtkc3ezxfWk2OPDoZtka,1082080429
sm1.q33e.1013522712.108.KjtRFuEZtkcRWhVLWwFUwOEZtkc3ezxfWk2OPDoZtka,1084310932
sm1.q33e.1013522712.108.KjtRFuEZtkcRWhVLWwFUwOEZtkc3ezxfWk2OPDoZtka,1082462558
sm1.q33e.1013522712.108.KjtRFuEZtkcRWhVLWwFUwOEZtkc3ezxfWk2OPDoZtka,1084738217
sm1.q33e.1013522712.108.KjtRFuEZtkcRWhVLWwFUwOEZtkc3ezxfWk2OPDoZtka,1079387775
sm1.q33e.1013522712.108.KjtRFuEZtkcRWhVLWwFUwOEZtkc3ezxfWk2OPDoZtka,1081957949
sm1.q33e.1013522712.108.KjtRFuEZtkcRWhVLWwFUwOEZtkc3ezxfWk2OPDoZtka,1083992665
sm1.q33e.1013522712.108.KjtRFuEZtkcRWhVLWwFUwOEZtkc3ezxfWk2OPDoZtka,1084737531
sm1.q33e.1013522712.108.KjtRFuEZtkcRWhVLWwFUwOEZtkc3ezxfWk2OPDoZtka,1085477205
sm1.q33e.1013522712.108.KjtRFuEZtkcRWhVLWwFUwOEZtkc3ezxfWk2OPDoZtka,1084671235
sm1.q33e.1013522712.108.KjtRFuEZtkcRWhVLWwFUwOEZtkc3ezxfWk2OPDoZtka,1083981122
sm1.q33e.1013522712.108.KjtRFuEZtkcRWhVLWwFUwOEZtkc3ezxfWk2OPDoZtka,1084268022
sm1.q33e.1013522712.108.KjtRFuEZtkcRWhVLWwFUwOEZtkc3ezxfWk2OPDoZtka,1084746193
sm1.q33e.1013522712.108.KjtRFuEZtkcRWhVLWwFUwOEZtkc3ezxfWk2OPDoZtka,1085264171
sm1.q33e.1013522712.108.KjtRFuEZtkcRWhVLWwFUwOEZtkc3ezxfWk2OPDoZtka,1084550284
sm1.q33e.1013522712.108.KjtRFuEZtkcRWhVLWwFUwOEZtkc3ezxfWk2OPDoZtka,1082564046
sm1.q33e.1013522712.108.KjtRFuEZtkcRWhVLWwFUwOEZtkc3ezxfWk2OPDoZtka,1080662069
sm1.q33e.1013522712.108.KjtRFuEZtkcRWhVLWwFUwOEZtkc3ezxfWk2OPDoZtka,1084164754
sm1.q33e.1013522712.108.KjtRFuEZtkcRWhVLWwFUwOEZtkc3ezxfWk2OPDoZtka,1083026977
sm1.q33e.1013522712.108.KjtRFuEZtkcRWhVLWwFUwOEZtkc3ezxfWk2OPDoZtka,1080673276
sm1.q33e.1013522712.108.KjtRFuEZtkcRWhVLWwFUwOEZtkc3ezxfWk2OPDoZtka,1080919154
sm1.3F1c.1008414952.43.bcl2TxiivcPJ7FrQkopcPhiivcQxBEPckWSa0-GivcO,1086156585
sm1.3F1c.1008414952.43.bcl2TxiivcPJ7FrQkopcPhiivcQxBEPckWSa0-GivcO,1086265154
sm1.3F1c.1008414952.43.bcl2TxiivcPJ7FrQkopcPhiivcQxBEPckWSa0-GivcO,1086269562
sm1.3F1c.1008414952.43.bcl2TxiivcPJ7FrQkopcPhiivcQxBEPckWSa0-GivcO,1085657048
sm1.3F1c.1008414952.43.bcl2TxiivcPJ7FrQkopcPhiivcQxBEPckWSa0-GivcO,1085283096
sm1.3F1c.1008414952.43.bcl2TxiivcPJ7FrQkopcPhiivcQxBEPckWSa0-GivcO,1085382989
sm1.3F1c.1008414952.43.bcl2TxiivcPJ7FrQkopcPhiivcQxBEPckWSa0-GivcO,1083762520
sm1.3F1c.1008414952.43.bcl2TxiivcPJ7FrQkopcPhiivcQxBEPckWSa0-GivcO,1086265700
sm1.3F1c.1008414952.43.bcl2TxiivcPJ7FrQkopcPhiivcQxBEPckWSa0-GivcO,1083031771
sm1.3F1c.1008414952.43.bcl2TxiivcPJ7FrQkopcPhiivcQxBEPckWSa0-GivcO,1084555851
sm1.3F1c.1008414952.43.bcl2TxiivcPJ7FrQkopcPhiivcQxBEPckWSa0-GivcO,1082217477
sm1.3F1c.1008414952.43.bcl2TxiivcPJ7FrQkopcPhiivcQxBEPckWSa0-GivcO,1083096954
sm1.3F1c.1008414952.43.bcl2TxiivcPJ7FrQkopcPhiivcQxBEPckWSa0-GivcO,1082464050
sm1.3F1c.1008414952.43.bcl2TxiivcPJ7FrQkopcPhiivcQxBEPckWSa0-GivcO,1085523075
sm1.3F1c.1008414952.43.bcl2TxiivcPJ7FrQkopcPhiivcQxBEPckWSa0-GivcO,1081900544
sm1.3F1c.1008414952.43.bcl2TxiivcPJ7FrQkopcPhiivcQxBEPckWSa0-GivcO,1084262267
sm1.3F1c.1008414952.43.bcl2TxiivcPJ7FrQkopcPhiivcQxBEPckWSa0-GivcO,1084429062
sm1.3F1c.1008414952.43.bcl2TxiivcPJ7FrQkopcPhiivcQxBEPckWSa0-GivcO,1084718389
sm1.3F1c.1008414952.43.bcl2TxiivcPJ7FrQkopcPhiivcQxBEPckWSa0-GivcO,1082737048
sm1.3F1c.1008414952.43.bcl2TxiivcPJ7FrQkopcPhiivcQxBEPckWSa0-GivcO,1082235486
sm1.3F1c.1008414952.43.bcl2TxiivcPJ7FrQkopcPhiivcQxBEPckWSa0-GivcO,1082288731
sm1.3F1c.1008414952.43.bcl2TxiivcPJ7FrQkopcPhiivcQxBEPckWSa0-GivcO,1085622863
sm1.3F1c.1008414952.43.bcl2TxiivcPJ7FrQkopcPhiivcQxBEPckWSa0-GivcO,1084367789
sm1.3F1c.1008414952.43.bcl2TxiivcPJ7FrQkopcPhiivcQxBEPckWSa0-GivcO,1082080682
sm1.3F1c.1008414952.43.bcl2TxiivcPJ7FrQkopcPhiivcQxBEPckWSa0-GivcO,1084724851
sm1.3F1c.1008414952.43.bcl2TxiivcPJ7FrQkopcPhiivcQxBEPckWSa0-GivcO,1080922664
sm1.3F1c.1008414952.43.bcl2TxiivcPJ7FrQkopcPhiivcQxBEPckWSa0-GivcO,1082076899
sm1.3F1c.1008414952.43.bcl2TxiivcPJ7FrQkopcPhiivcQxBEPckWSa0-GivcO,1084724416
sm1.3F1c.1008414952.43.bcl2TxiivcPJ7FrQkopcPhiivcQxBEPckWSa0-GivcO,1086483322
sm1.3F1c.1008414952.43.bcl2TxiivcPJ7FrQkopcPhiivcQxBEPckWSa0-GivcO,1085275420
sm1.3F1c.1008414952.43.bcl2TxiivcPJ7FrQkopcPhiivcQxBEPckWSa0-GivcO,1083193680
sm1.3F1c.1008414952.43.bcl2TxiivcPJ7FrQkopcPhiivcQxBEPckWSa0-GivcO,1085381049
sm1.3F1c.1008414952.43.bcl2TxiivcPJ7FrQkopcPhiivcQxBEPckWSa0-GivcO,1084362934
sm1.3F1c.1008414952.43.bcl2TxiivcPJ7FrQkopcPhiivcQxBEPckWSa0-GivcO,1083733879
sm1.3F1c.1008414952.43.bcl2TxiivcPJ7FrQkopcPhiivcQxBEPckWSa0-GivcO,1086035938
sm1.3F1c.1008414952.43.bcl2TxiivcPJ7FrQkopcPhiivcQxBEPckWSa0-GivcO,1084554753
sm1.3F1c.1008414952.43.bcl2TxiivcPJ7FrQkopcPhiivcQxBEPckWSa0-GivcO,1082955375
sm1.3F1c.1008414952.43.bcl2TxiivcPJ7FrQkopcPhiivcQxBEPckWSa0-GivcO,1085752314
sm1.3F1c.1008414952.43.bcl2TxiivcPJ7FrQkopcPhiivcQxBEPckWSa0-GivcO,1082241753
sm1.3F1c.1008414952.43.bcl2TxiivcPJ7FrQkopcPhiivcQxBEPckWSa0-GivcO,1085285439
sm1.3F1c.1008414952.43.bcl2TxiivcPJ7FrQkopcPhiivcQxBEPckWSa0-GivcO,1086034900
sm1.3F1c.1008414952.43.bcl2TxiivcPJ7FrQkopcPhiivcQxBEPckWSa0-GivcO,1086266072
sm1.3F1c.1008414952.43.bcl2TxiivcPJ7FrQkopcPhiivcQxBEPckWSa0-GivcO,1082788716
sm1.3F1c.1008414952.43.bcl2TxiivcPJ7FrQkopcPhiivcQxBEPckWSa0-GivcO,1086132430
sm1.3F1c.1008414952.43.bcl2TxiivcPJ7FrQkopcPhiivcQxBEPckWSa0-GivcO,1084722450
sm1.3F1c.1008414952.43.bcl2TxiivcPJ7FrQkopcPhiivcQxBEPckWSa0-GivcO,1084364645
sm1.3F1c.1008414952.43.bcl2TxiivcPJ7FrQkopcPhiivcQxBEPckWSa0-GivcO,1085505083
sm1.3F1c.1008414952.43.bcl2TxiivcPJ7FrQkopcPhiivcQxBEPckWSa0-GivcO,1085182633
sm1.3F1c.1008414952.43.bcl2TxiivcPJ7FrQkopcPhiivcQxBEPckWSa0-GivcO,1086486381
sm1.3F1c.1008414952.43.bcl2TxiivcPJ7FrQkopcPhiivcQxBEPckWSa0-GivcO,1083860672
sm1.3F1c.1008414952.43.bcl2TxiivcPJ7FrQkopcPhiivcQxBEPckWSa0-GivcO,1084366022
sm1.3F1c.1008414952.43.bcl2TxiivcPJ7FrQkopcPhiivcQxBEPckWSa0-GivcO,1083030837
sm1.3F1c.1008414952.43.bcl2TxiivcPJ7FrQkopcPhiivcQxBEPckWSa0-GivcO,1083026377
sm1.3F1c.1008414952.43.bcl2TxiivcPJ7FrQkopcPhiivcQxBEPckWSa0-GivcO,1080856394
sm1.3F1c.1008414952.43.bcl2TxiivcPJ7FrQkopcPhiivcQxBEPckWSa0-GivcO,1086484351
sm1.3F1c.1008414952.43.bcl2TxiivcPJ7FrQkopcPhiivcQxBEPckWSa0-GivcO,1085655157
sm1.3F1c.1008414952.43.bcl2TxiivcPJ7FrQkopcPhiivcQxBEPckWSa0-GivcO,1082720609
sm1.3F1c.1008414952.43.bcl2TxiivcPJ7FrQkopcPhiivcQxBEPckWSa0-GivcO,1084729113
sm1.3F1c.1008414952.43.bcl2TxiivcPJ7FrQkopcPhiivcQxBEPckWSa0-GivcO,1084736110
sm1.3F1c.1008414952.43.bcl2TxiivcPJ7FrQkopcPhiivcQxBEPckWSa0-GivcO,1085342462
sm1.3F1c.1008414952.43.bcl2TxiivcPJ7FrQkopcPhiivcQxBEPckWSa0-GivcO,1080535674
sm1.3F1c.1008414952.43.bcl2TxiivcPJ7FrQkopcPhiivcQxBEPckWSa0-GivcO,1084557703
sm1.3F1c.1008414952.43.bcl2TxiivcPJ7FrQkopcPhiivcQxBEPckWSa0-GivcO,1084363896
sm1.3F1c.1008414952.43.bcl2TxiivcPJ7FrQkopcPhiivcQxBEPckWSa0-GivcO,1085291232
sm1.3F1c.1008414952.43.bcl2TxiivcPJ7FrQkopcPhiivcQxBEPckWSa0-GivcO,1084371225
sm1.3F1c.1008414952.43.bcl2TxiivcPJ7FrQkopcPhiivcQxBEPckWSa0-GivcO,1082090356
sm1.3F1c.1008414952.43.bcl2TxiivcPJ7FrQkopcPhiivcQxBEPckWSa0-GivcO,1085289792
sm1.3F1c.1008414952.43.bcl2TxiivcPJ7FrQkopcPhiivcQxBEPckWSa0-GivcO,1084737680
sm1.3F1c.1008414952.43.bcl2TxiivcPJ7FrQkopcPhiivcQxBEPckWSa0-GivcO,1084205252
sm1.3F1c.1008414952.43.bcl2TxiivcPJ7FrQkopcPhiivcQxBEPckWSa0-GivcO,1085173161
sm1.3F1c.1008414952.43.bcl2TxiivcPJ7FrQkopcPhiivcQxBEPckWSa0-GivcO,1082354524
sm1.3F1c.1008414952.43.bcl2TxiivcPJ7FrQkopcPhiivcQxBEPckWSa0-GivcO,1086604545
sm1.3F1c.1008414952.43.bcl2TxiivcPJ7FrQkopcPhiivcQxBEPckWSa0-GivcO,1084669396
sm1.3F1c.1008414952.43.bcl2TxiivcPJ7FrQkopcPhiivcQxBEPckWSa0-GivcO,1082224972
sm1.3F1c.1008414952.43.bcl2TxiivcPJ7FrQkopcPhiivcQxBEPckWSa0-GivcO,1085287377
sm1.3F1c.1008414952.43.bcl2TxiivcPJ7FrQkopcPhiivcQxBEPckWSa0-GivcO,1085648652
sm1.3F1c.1008414952.43.bcl2TxiivcPJ7FrQkopcPhiivcQxBEPckWSa0-GivcO,1081566701
sm1.3F1c.1008414952.43.bcl2TxiivcPJ7FrQkopcPhiivcQxBEPckWSa0-GivcO,1084550643
sm1.3F1c.1008414952.43.bcl2TxiivcPJ7FrQkopcPhiivcQxBEPckWSa0-GivcO,1084366854
sm1.3F1c.1008414952.43.bcl2TxiivcPJ7FrQkopcPhiivcQxBEPckWSa0-GivcO,1082080429
sm1.3F1c.1008414952.43.bcl2TxiivcPJ7FrQkopcPhiivcQxBEPckWSa0-GivcO,1084310932
sm1.3F1c.1008414952.43.bcl2TxiivcPJ7FrQkopcPhiivcQxBEPckWSa0-GivcO,1082462558
sm1.3F1c.1008414952.43.bcl2TxiivcPJ7FrQkopcPhiivcQxBEPckWSa0-GivcO,1084738217
sm1.3F1c.1008414952.43.bcl2TxiivcPJ7FrQkopcPhiivcQxBEPckWSa0-GivcO,1079387775
sm1.3F1c.1008414952.43.bcl2TxiivcPJ7FrQkopcPhiivcQxBEPckWSa0-GivcO,1081957949
sm1.3F1c.1008414952.43.bcl2TxiivcPJ7FrQkopcPhiivcQxBEPckWSa0-GivcO,1083992665
sm1.3F1c.1008414952.43.bcl2TxiivcPJ7FrQkopcPhiivcQxBEPckWSa0-GivcO,1084737531
sm1.3F1c.1008414952.43.bcl2TxiivcPJ7FrQkopcPhiivcQxBEPckWSa0-GivcO,1085477205
sm1.3F1c.1008414952.43.bcl2TxiivcPJ7FrQkopcPhiivcQxBEPckWSa0-GivcO,1084671235
sm1.3F1c.1008414952.43.bcl2TxiivcPJ7FrQkopcPhiivcQxBEPckWSa0-GivcO,1083981122
sm1.3F1c.1008414952.43.bcl2TxiivcPJ7FrQkopcPhiivcQxBEPckWSa0-GivcO,1084268022
sm1.3F1c.1008414952.43.bcl2TxiivcPJ7FrQkopcPhiivcQxBEPckWSa0-GivcO,1084746193
sm1.3F1c.1008414952.43.bcl2TxiivcPJ7FrQkopcPhiivcQxBEPckWSa0-GivcO,1085264171
sm1.3F1c.1008414952.43.bcl2TxiivcPJ7FrQkopcPhiivcQxBEPckWSa0-GivcO,1084550284
sm1.3F1c.1008414952.43.bcl2TxiivcPJ7FrQkopcPhiivcQxBEPckWSa0-GivcO,1082564046
sm1.3F1c.1008414952.43.bcl2TxiivcPJ7FrQkopcPhiivcQxBEPckWSa0-GivcO,1080662069
sm1.3F1c.1008414952.43.bcl2TxiivcPJ7FrQkopcPhiivcQxBEPckWSa0-GivcO,1084164754
sm1.3F1c.1008414952.43.bcl2TxiivcPJ7FrQkopcPhiivcQxBEPckWSa0-GivcO,1083026977
sm1.3F1c.1008414952.43.bcl2TxiivcPJ7FrQkopcPhiivcQxBEPckWSa0-GivcO,1080673276
sm1.3F1c.1008414952.43.bcl2TxiivcPJ7FrQkopcPhiivcQxBEPckWSa0-GivcO,1080919154
sm1.ClLT.1012672057.52.SnLT8z22ZSZffD7qq8ADoD22ZSZGWet8qRx72uw2ZSW,1086156585
sm1.ClLT.1012672057.52.SnLT8z22ZSZffD7qq8ADoD22ZSZGWet8qRx72uw2ZSW,1086265154
sm1.ClLT.1012672057.52.SnLT8z22ZSZffD7qq8ADoD22ZSZGWet8qRx72uw2ZSW,1086269562
sm1.ClLT.1012672057.52.SnLT8z22ZSZffD7qq8ADoD22ZSZGWet8qRx72uw2ZSW,1085657048
sm1.ClLT.1012672057.52.SnLT8z22ZSZffD7qq8ADoD22ZSZGWet8qRx72uw2ZSW,1085283096
sm1.ClLT.1012672057.52.SnLT8z22ZSZffD7qq8ADoD22ZSZGWet8qRx72uw2ZSW,1085382989
sm1.ClLT.1012672057.52.SnLT8z22ZSZffD7qq8ADoD22ZSZGWet8qRx72uw2ZSW,1083762520
sm1.ClLT.1012672057.52.SnLT8z22ZSZffD7qq8ADoD22ZSZGWet8qRx72uw2ZSW,1086265700
sm1.ClLT.1012672057.52.SnLT8z22ZSZffD7qq8ADoD22ZSZGWet8qRx72uw2ZSW,1083031771
sm1.ClLT.1012672057.52.SnLT8z22ZSZffD7qq8ADoD22ZSZGWet8qRx72uw2ZSW,1084555851
sm1.ClLT.1012672057.52.SnLT8z22ZSZffD7qq8ADoD22ZSZGWet8qRx72uw2ZSW,1082217477
sm1.ClLT.1012672057.52.SnLT8z22ZSZffD7qq8ADoD22ZSZGWet8qRx72uw2ZSW,1083096954
sm1.ClLT.1012672057.52.SnLT8z22ZSZffD7qq8ADoD22ZSZGWet8qRx72uw2ZSW,1082464050
sm1.ClLT.1012672057.52.SnLT8z22ZSZffD7qq8ADoD22ZSZGWet8qRx72uw2ZSW,1085523075
sm1.ClLT.1012672057.52.SnLT8z22ZSZffD7qq8ADoD22ZSZGWet8qRx72uw2ZSW,1081900544
sm1.ClLT.1012672057.52.SnLT8z22ZSZffD7qq8ADoD22ZSZGWet8qRx72uw2ZSW,1084262267
sm1.ClLT.1012672057.52.SnLT8z22ZSZffD7qq8ADoD22ZSZGWet8qRx72uw2ZSW,1084429062
sm1.ClLT.1012672057.52.SnLT8z22ZSZffD7qq8ADoD22ZSZGWet8qRx72uw2ZSW,1084718389
sm1.ClLT.1012672057.52.SnLT8z22ZSZffD7qq8ADoD22ZSZGWet8qRx72uw2ZSW,1082737048
sm1.ClLT.1012672057.52.SnLT8z22ZSZffD7qq8ADoD22ZSZGWet8qRx72uw2ZSW,1082235486
sm1.ClLT.1012672057.52.SnLT8z22ZSZffD7qq8ADoD22ZSZGWet8qRx72uw2ZSW,1082288731
sm1.ClLT.1012672057.52.SnLT8z22ZSZffD7qq8ADoD22ZSZGWet8qRx72uw2ZSW,1085622863
sm1.ClLT.1012672057.52.SnLT8z22ZSZffD7qq8ADoD22ZSZGWet8qRx72uw2ZSW,1084367789
sm1.ClLT.1012672057.52.SnLT8z22ZSZffD7qq8ADoD22ZSZGWet8qRx72uw2ZSW,1082080682
sm1.ClLT.1012672057.52.SnLT8z22ZSZffD7qq8ADoD22ZSZGWet8qRx72uw2ZSW,1084724851
sm1.ClLT.1012672057.52.SnLT8z22ZSZffD7qq8ADoD22ZSZGWet8qRx72uw2ZSW,1080922664
sm1.ClLT.1012672057.52.SnLT8z22ZSZffD7qq8ADoD22ZSZGWet8qRx72uw2ZSW,1082076899
sm1.ClLT.1012672057.52.SnLT8z22ZSZffD7qq8ADoD22ZSZGWet8qRx72uw2ZSW,1084724416
sm1.ClLT.1012672057.52.SnLT8z22ZSZffD7qq8ADoD22ZSZGWet8qRx72uw2ZSW,1086483322
sm1.ClLT.1012672057.52.SnLT8z22ZSZffD7qq8ADoD22ZSZGWet8qRx72uw2ZSW,1085275420
sm1.ClLT.1012672057.52.SnLT8z22ZSZffD7qq8ADoD22ZSZGWet8qRx72uw2ZSW,1083193680
sm1.ClLT.1012672057.52.SnLT8z22ZSZffD7qq8ADoD22ZSZGWet8qRx72uw2ZSW,1085381049
sm1.ClLT.1012672057.52.SnLT8z22ZSZffD7qq8ADoD22ZSZGWet8qRx72uw2ZSW,1084362934
sm1.ClLT.1012672057.52.SnLT8z22ZSZffD7qq8ADoD22ZSZGWet8qRx72uw2ZSW,1083733879
sm1.ClLT.1012672057.52.SnLT8z22ZSZffD7qq8ADoD22ZSZGWet8qRx72uw2ZSW,1086035938
sm1.ClLT.1012672057.52.SnLT8z22ZSZffD7qq8ADoD22ZSZGWet8qRx72uw2ZSW,1084554753
sm1.ClLT.1012672057.52.SnLT8z22ZSZffD7qq8ADoD22ZSZGWet8qRx72uw2ZSW,1082955375
sm1.ClLT.1012672057.52.SnLT8z22ZSZffD7qq8ADoD22ZSZGWet8qRx72uw2ZSW,1085752314
sm1.ClLT.1012672057.52.SnLT8z22ZSZffD7qq8ADoD22ZSZGWet8qRx72uw2ZSW,1082241753
sm1.ClLT.1012672057.52.SnLT8z22ZSZffD7qq8ADoD22ZSZGWet8qRx72uw2ZSW,1085285439
sm1.ClLT.1012672057.52.SnLT8z22ZSZffD7qq8ADoD22ZSZGWet8qRx72uw2ZSW,1086034900
sm1.ClLT.1012672057.52.SnLT8z22ZSZffD7qq8ADoD22ZSZGWet8qRx72uw2ZSW,1086266072
sm1.ClLT.1012672057.52.SnLT8z22ZSZffD7qq8ADoD22ZSZGWet8qRx72uw2ZSW,1082788716
sm1.ClLT.1012672057.52.SnLT8z22ZSZffD7qq8ADoD22ZSZGWet8qRx72uw2ZSW,1086132430
sm1.ClLT.1012672057.52.SnLT8z22ZSZffD7qq8ADoD22ZSZGWet8qRx72uw2ZSW,1084722450
sm1.ClLT.1012672057.52.SnLT8z22ZSZffD7qq8ADoD22ZSZGWet8qRx72uw2ZSW,1084364645
sm1.ClLT.1012672057.52.SnLT8z22ZSZffD7qq8ADoD22ZSZGWet8qRx72uw2ZSW,1085505083
sm1.ClLT.1012672057.52.SnLT8z22ZSZffD7qq8ADoD22ZSZGWet8qRx72uw2ZSW,1085182633
sm1.ClLT.1012672057.52.SnLT8z22ZSZffD7qq8ADoD22ZSZGWet8qRx72uw2ZSW,1086486381
sm1.ClLT.1012672057.52.SnLT8z22ZSZffD7qq8ADoD22ZSZGWet8qRx72uw2ZSW,1083860672
sm1.ClLT.1012672057.52.SnLT8z22ZSZffD7qq8ADoD22ZSZGWet8qRx72uw2ZSW,1084366022
sm1.ClLT.1012672057.52.SnLT8z22ZSZffD7qq8ADoD22ZSZGWet8qRx72uw2ZSW,1083030837
sm1.ClLT.1012672057.52.SnLT8z22ZSZffD7qq8ADoD22ZSZGWet8qRx72uw2ZSW,1083026377
sm1.ClLT.1012672057.52.SnLT8z22ZSZffD7qq8ADoD22ZSZGWet8qRx72uw2ZSW,1080856394
sm1.ClLT.1012672057.52.SnLT8z22ZSZffD7qq8ADoD22ZSZGWet8qRx72uw2ZSW,1086484351
sm1.ClLT.1012672057.52.SnLT8z22ZSZffD7qq8ADoD22ZSZGWet8qRx72uw2ZSW,1085655157
sm1.ClLT.1012672057.52.SnLT8z22ZSZffD7qq8ADoD22ZSZGWet8qRx72uw2ZSW,1082720609
sm1.ClLT.1012672057.52.SnLT8z22ZSZffD7qq8ADoD22ZSZGWet8qRx72uw2ZSW,1084729113
sm1.ClLT.1012672057.52.SnLT8z22ZSZffD7qq8ADoD22ZSZGWet8qRx72uw2ZSW,1084736110
sm1.ClLT.1012672057.52.SnLT8z22ZSZffD7qq8ADoD22ZSZGWet8qRx72uw2ZSW,1085342462
sm1.ClLT.1012672057.52.SnLT8z22ZSZffD7qq8ADoD22ZSZGWet8qRx72uw2ZSW,1080535674
sm1.ClLT.1012672057.52.SnLT8z22ZSZffD7qq8ADoD22ZSZGWet8qRx72uw2ZSW,1084557703
sm1.ClLT.1012672057.52.SnLT8z22ZSZffD7qq8ADoD22ZSZGWet8qRx72uw2ZSW,1084363896
sm1.ClLT.1012672057.52.SnLT8z22ZSZffD7qq8ADoD22ZSZGWet8qRx72uw2ZSW,1085291232
sm1.ClLT.1012672057.52.SnLT8z22ZSZffD7qq8ADoD22ZSZGWet8qRx72uw2ZSW,1084371225
sm1.ClLT.1012672057.52.SnLT8z22ZSZffD7qq8ADoD22ZSZGWet8qRx72uw2ZSW,1082090356
sm1.ClLT.1012672057.52.SnLT8z22ZSZffD7qq8ADoD22ZSZGWet8qRx72uw2ZSW,1085289792
sm1.ClLT.1012672057.52.SnLT8z22ZSZffD7qq8ADoD22ZSZGWet8qRx72uw2ZSW,1084737680
sm1.ClLT.1012672057.52.SnLT8z22ZSZffD7qq8ADoD22ZSZGWet8qRx72uw2ZSW,1084205252
sm1.ClLT.1012672057.52.SnLT8z22ZSZffD7qq8ADoD22ZSZGWet8qRx72uw2ZSW,1085173161
sm1.ClLT.1012672057.52.SnLT8z22ZSZffD7qq8ADoD22ZSZGWet8qRx72uw2ZSW,1082354524
sm1.ClLT.1012672057.52.SnLT8z22ZSZffD7qq8ADoD22ZSZGWet8qRx72uw2ZSW,1086604545
sm1.ClLT.1012672057.52.SnLT8z22ZSZffD7qq8ADoD22ZSZGWet8qRx72uw2ZSW,1084669396
sm1.ClLT.1012672057.52.SnLT8z22ZSZffD7qq8ADoD22ZSZGWet8qRx72uw2ZSW,1082224972
sm1.ClLT.1012672057.52.SnLT8z22ZSZffD7qq8ADoD22ZSZGWet8qRx72uw2ZSW,1085287377
sm1.ClLT.1012672057.52.SnLT8z22ZSZffD7qq8ADoD22ZSZGWet8qRx72uw2ZSW,1085648652
sm1.ClLT.1012672057.52.SnLT8z22ZSZffD7qq8ADoD22ZSZGWet8qRx72uw2ZSW,1081566701
sm1.ClLT.1012672057.52.SnLT8z22ZSZffD7qq8ADoD22ZSZGWet8qRx72uw2ZSW,1084550643
sm1.ClLT.1012672057.52.SnLT8z22ZSZffD7qq8ADoD22ZSZGWet8qRx72uw2ZSW,1084366854
sm1.ClLT.1012672057.52.SnLT8z22ZSZffD7qq8ADoD22ZSZGWet8qRx72uw2ZSW,1082080429
sm1.ClLT.1012672057.52.SnLT8z22ZSZffD7qq8ADoD22ZSZGWet8qRx72uw2ZSW,1084310932
sm1.ClLT.1012672057.52.SnLT8z22ZSZffD7qq8ADoD22ZSZGWet8qRx72uw2ZSW,1082462558
sm1.ClLT.1012672057.52.SnLT8z22ZSZffD7qq8ADoD22ZSZGWet8qRx72uw2ZSW,1084738217
sm1.ClLT.1012672057.52.SnLT8z22ZSZffD7qq8ADoD22ZSZGWet8qRx72uw2ZSW,1079387775
sm1.ClLT.1012672057.52.SnLT8z22ZSZffD7qq8ADoD22ZSZGWet8qRx72uw2ZSW,1081957949
sm1.ClLT.1012672057.52.SnLT8z22ZSZffD7qq8ADoD22ZSZGWet8qRx72uw2ZSW,1083992665
sm1.ClLT.1012672057.52.SnLT8z22ZSZffD7qq8ADoD22ZSZGWet8qRx72uw2ZSW,1084737531
sm1.ClLT.1012672057.52.SnLT8z22ZSZffD7qq8ADoD22ZSZGWet8qRx72uw2ZSW,1085477205
sm1.ClLT.1012672057.52.SnLT8z22ZSZffD7qq8ADoD22ZSZGWet8qRx72uw2ZSW,1084671235
sm1.ClLT.1012672057.52.SnLT8z22ZSZffD7qq8ADoD22ZSZGWet8qRx72uw2ZSW,1083981122
sm1.ClLT.1012672057.52.SnLT8z22ZSZffD7qq8ADoD22ZSZGWet8qRx72uw2ZSW,1084268022
sm1.ClLT.1012672057.52.SnLT8z22ZSZffD7qq8ADoD22ZSZGWet8qRx72uw2ZSW,1084746193
sm1.ClLT.1012672057.52.SnLT8z22ZSZffD7qq8ADoD22ZSZGWet8qRx72uw2ZSW,1085264171
sm1.ClLT.1012672057.52.SnLT8z22ZSZffD7qq8ADoD22ZSZGWet8qRx72uw2ZSW,1084550284
sm1.ClLT.1012672057.52.SnLT8z22ZSZffD7qq8ADoD22ZSZGWet8qRx72uw2ZSW,1082564046
sm1.ClLT.1012672057.52.SnLT8z22ZSZffD7qq8ADoD22ZSZGWet8qRx72uw2ZSW,1080662069
sm1.ClLT.1012672057.52.SnLT8z22ZSZffD7qq8ADoD22ZSZGWet8qRx72uw2ZSW,1084164754
sm1.ClLT.1012672057.52.SnLT8z22ZSZffD7qq8ADoD22ZSZGWet8qRx72uw2ZSW,1083026977
sm1.ClLT.1012672057.52.SnLT8z22ZSZffD7qq8ADoD22ZSZGWet8qRx72uw2ZSW,1080673276
sm1.ClLT.1012672057.52.SnLT8z22ZSZffD7qq8ADoD22ZSZGWet8qRx72uw2ZSW,1080919154
sm1.akvX.1049058769.12.qR6T-WMCMCRKqT_u1OnOnWMCMCO5Z5Z6164virgCMCO,1086156585
sm1.akvX.1049058769.12.qR6T-WMCMCRKqT_u1OnOnWMCMCO5Z5Z6164virgCMCO,1086265154
sm1.akvX.1049058769.12.qR6T-WMCMCRKqT_u1OnOnWMCMCO5Z5Z6164virgCMCO,1086269562
sm1.akvX.1049058769.12.qR6T-WMCMCRKqT_u1OnOnWMCMCO5Z5Z6164virgCMCO,1085657048
sm1.akvX.1049058769.12.qR6T-WMCMCRKqT_u1OnOnWMCMCO5Z5Z6164virgCMCO,1085283096
sm1.akvX.1049058769.12.qR6T-WMCMCRKqT_u1OnOnWMCMCO5Z5Z6164virgCMCO,1085382989
sm1.akvX.1049058769.12.qR6T-WMCMCRKqT_u1OnOnWMCMCO5Z5Z6164virgCMCO,1083762520
sm1.akvX.1049058769.12.qR6T-WMCMCRKqT_u1OnOnWMCMCO5Z5Z6164virgCMCO,1086265700
sm1.akvX.1049058769.12.qR6T-WMCMCRKqT_u1OnOnWMCMCO5Z5Z6164virgCMCO,1083031771
sm1.akvX.1049058769.12.qR6T-WMCMCRKqT_u1OnOnWMCMCO5Z5Z6164virgCMCO,1084555851
sm1.akvX.1049058769.12.qR6T-WMCMCRKqT_u1OnOnWMCMCO5Z5Z6164virgCMCO,1082217477
sm1.akvX.1049058769.12.qR6T-WMCMCRKqT_u1OnOnWMCMCO5Z5Z6164virgCMCO,1083096954
sm1.akvX.1049058769.12.qR6T-WMCMCRKqT_u1OnOnWMCMCO5Z5Z6164virgCMCO,1082464050
sm1.akvX.1049058769.12.qR6T-WMCMCRKqT_u1OnOnWMCMCO5Z5Z6164virgCMCO,1085523075
sm1.akvX.1049058769.12.qR6T-WMCMCRKqT_u1OnOnWMCMCO5Z5Z6164virgCMCO,1081900544
sm1.akvX.1049058769.12.qR6T-WMCMCRKqT_u1OnOnWMCMCO5Z5Z6164virgCMCO,1084262267
sm1.akvX.1049058769.12.qR6T-WMCMCRKqT_u1OnOnWMCMCO5Z5Z6164virgCMCO,1084429062
sm1.akvX.1049058769.12.qR6T-WMCMCRKqT_u1OnOnWMCMCO5Z5Z6164virgCMCO,1084718389
sm1.akvX.1049058769.12.qR6T-WMCMCRKqT_u1OnOnWMCMCO5Z5Z6164virgCMCO,1082737048
sm1.akvX.1049058769.12.qR6T-WMCMCRKqT_u1OnOnWMCMCO5Z5Z6164virgCMCO,1082235486
sm1.akvX.1049058769.12.qR6T-WMCMCRKqT_u1OnOnWMCMCO5Z5Z6164virgCMCO,1082288731
sm1.akvX.1049058769.12.qR6T-WMCMCRKqT_u1OnOnWMCMCO5Z5Z6164virgCMCO,1085622863
sm1.akvX.1049058769.12.qR6T-WMCMCRKqT_u1OnOnWMCMCO5Z5Z6164virgCMCO,1084367789
sm1.akvX.1049058769.12.qR6T-WMCMCRKqT_u1OnOnWMCMCO5Z5Z6164virgCMCO,1082080682
sm1.akvX.1049058769.12.qR6T-WMCMCRKqT_u1OnOnWMCMCO5Z5Z6164virgCMCO,1084724851
sm1.akvX.1049058769.12.qR6T-WMCMCRKqT_u1OnOnWMCMCO5Z5Z6164virgCMCO,1080922664
sm1.akvX.1049058769.12.qR6T-WMCMCRKqT_u1OnOnWMCMCO5Z5Z6164virgCMCO,1082076899
sm1.akvX.1049058769.12.qR6T-WMCMCRKqT_u1OnOnWMCMCO5Z5Z6164virgCMCO,1084724416
sm1.akvX.1049058769.12.qR6T-WMCMCRKqT_u1OnOnWMCMCO5Z5Z6164virgCMCO,1086483322
sm1.akvX.1049058769.12.qR6T-WMCMCRKqT_u1OnOnWMCMCO5Z5Z6164virgCMCO,1085275420
sm1.akvX.1049058769.12.qR6T-WMCMCRKqT_u1OnOnWMCMCO5Z5Z6164virgCMCO,1083193680
sm1.akvX.1049058769.12.qR6T-WMCMCRKqT_u1OnOnWMCMCO5Z5Z6164virgCMCO,1085381049
sm1.akvX.1049058769.12.qR6T-WMCMCRKqT_u1OnOnWMCMCO5Z5Z6164virgCMCO,1084362934
sm1.akvX.1049058769.12.qR6T-WMCMCRKqT_u1OnOnWMCMCO5Z5Z6164virgCMCO,1083733879
sm1.akvX.1049058769.12.qR6T-WMCMCRKqT_u1OnOnWMCMCO5Z5Z6164virgCMCO,1086035938
sm1.akvX.1049058769.12.qR6T-WMCMCRKqT_u1OnOnWMCMCO5Z5Z6164virgCMCO,1084554753
sm1.akvX.1049058769.12.qR6T-WMCMCRKqT_u1OnOnWMCMCO5Z5Z6164virgCMCO,1082955375
sm1.akvX.1049058769.12.qR6T-WMCMCRKqT_u1OnOnWMCMCO5Z5Z6164virgCMCO,1085752314
sm1.akvX.1049058769.12.qR6T-WMCMCRKqT_u1OnOnWMCMCO5Z5Z6164virgCMCO,1082241753
sm1.akvX.1049058769.12.qR6T-WMCMCRKqT_u1OnOnWMCMCO5Z5Z6164virgCMCO,1085285439
sm1.akvX.1049058769.12.qR6T-WMCMCRKqT_u1OnOnWMCMCO5Z5Z6164virgCMCO,1086034900
sm1.akvX.1049058769.12.qR6T-WMCMCRKqT_u1OnOnWMCMCO5Z5Z6164virgCMCO,1086266072
sm1.akvX.1049058769.12.qR6T-WMCMCRKqT_u1OnOnWMCMCO5Z5Z6164virgCMCO,1082788716
sm1.akvX.1049058769.12.qR6T-WMCMCRKqT_u1OnOnWMCMCO5Z5Z6164virgCMCO,1086132430
sm1.akvX.1049058769.12.qR6T-WMCMCRKqT_u1OnOnWMCMCO5Z5Z6164virgCMCO,1084722450
sm1.akvX.1049058769.12.qR6T-WMCMCRKqT_u1OnOnWMCMCO5Z5Z6164virgCMCO,1084364645
sm1.akvX.1049058769.12.qR6T-WMCMCRKqT_u1OnOnWMCMCO5Z5Z6164virgCMCO,1085505083
sm1.akvX.1049058769.12.qR6T-WMCMCRKqT_u1OnOnWMCMCO5Z5Z6164virgCMCO,1085182633
sm1.akvX.1049058769.12.qR6T-WMCMCRKqT_u1OnOnWMCMCO5Z5Z6164virgCMCO,1086486381
sm1.akvX.1049058769.12.qR6T-WMCMCRKqT_u1OnOnWMCMCO5Z5Z6164virgCMCO,1083860672
sm1.akvX.1049058769.12.qR6T-WMCMCRKqT_u1OnOnWMCMCO5Z5Z6164virgCMCO,1084366022
sm1.akvX.1049058769.12.qR6T-WMCMCRKqT_u1OnOnWMCMCO5Z5Z6164virgCMCO,1083030837
sm1.akvX.1049058769.12.qR6T-WMCMCRKqT_u1OnOnWMCMCO5Z5Z6164virgCMCO,1083026377
sm1.akvX.1049058769.12.qR6T-WMCMCRKqT_u1OnOnWMCMCO5Z5Z6164virgCMCO,1080856394
sm1.akvX.1049058769.12.qR6T-WMCMCRKqT_u1OnOnWMCMCO5Z5Z6164virgCMCO,1086484351
sm1.akvX.1049058769.12.qR6T-WMCMCRKqT_u1OnOnWMCMCO5Z5Z6164virgCMCO,1085655157
sm1.akvX.1049058769.12.qR6T-WMCMCRKqT_u1OnOnWMCMCO5Z5Z6164virgCMCO,1082720609
sm1.akvX.1049058769.12.qR6T-WMCMCRKqT_u1OnOnWMCMCO5Z5Z6164virgCMCO,1084729113
sm1.akvX.1049058769.12.qR6T-WMCMCRKqT_u1OnOnWMCMCO5Z5Z6164virgCMCO,1084736110
sm1.akvX.1049058769.12.qR6T-WMCMCRKqT_u1OnOnWMCMCO5Z5Z6164virgCMCO,1085342462
sm1.akvX.1049058769.12.qR6T-WMCMCRKqT_u1OnOnWMCMCO5Z5Z6164virgCMCO,1080535674
sm1.akvX.1049058769.12.qR6T-WMCMCRKqT_u1OnOnWMCMCO5Z5Z6164virgCMCO,1084557703
sm1.akvX.1049058769.12.qR6T-WMCMCRKqT_u1OnOnWMCMCO5Z5Z6164virgCMCO,1084363896
sm1.akvX.1049058769.12.qR6T-WMCMCRKqT_u1OnOnWMCMCO5Z5Z6164virgCMCO,1085291232
sm1.akvX.1049058769.12.qR6T-WMCMCRKqT_u1OnOnWMCMCO5Z5Z6164virgCMCO,1084371225
sm1.akvX.1049058769.12.qR6T-WMCMCRKqT_u1OnOnWMCMCO5Z5Z6164virgCMCO,1082090356
sm1.akvX.1049058769.12.qR6T-WMCMCRKqT_u1OnOnWMCMCO5Z5Z6164virgCMCO,1085289792
sm1.akvX.1049058769.12.qR6T-WMCMCRKqT_u1OnOnWMCMCO5Z5Z6164virgCMCO,1084737680
sm1.akvX.1049058769.12.qR6T-WMCMCRKqT_u1OnOnWMCMCO5Z5Z6164virgCMCO,1084205252
sm1.akvX.1049058769.12.qR6T-WMCMCRKqT_u1OnOnWMCMCO5Z5Z6164virgCMCO,1085173161
sm1.akvX.1049058769.12.qR6T-WMCMCRKqT_u1OnOnWMCMCO5Z5Z6164virgCMCO,1082354524
sm1.akvX.1049058769.12.qR6T-WMCMCRKqT_u1OnOnWMCMCO5Z5Z6164virgCMCO,1086604545
sm1.akvX.1049058769.12.qR6T-WMCMCRKqT_u1OnOnWMCMCO5Z5Z6164virgCMCO,1084669396
sm1.akvX.1049058769.12.qR6T-WMCMCRKqT_u1OnOnWMCMCO5Z5Z6164virgCMCO,1082224972
sm1.akvX.1049058769.12.qR6T-WMCMCRKqT_u1OnOnWMCMCO5Z5Z6164virgCMCO,1085287377
sm1.akvX.1049058769.12.qR6T-WMCMCRKqT_u1OnOnWMCMCO5Z5Z6164virgCMCO,1085648652
sm1.akvX.1049058769.12.qR6T-WMCMCRKqT_u1OnOnWMCMCO5Z5Z6164virgCMCO,1081566701
sm1.akvX.1049058769.12.qR6T-WMCMCRKqT_u1OnOnWMCMCO5Z5Z6164virgCMCO,1084550643
sm1.akvX.1049058769.12.qR6T-WMCMCRKqT_u1OnOnWMCMCO5Z5Z6164virgCMCO,1084366854
sm1.akvX.1049058769.12.qR6T-WMCMCRKqT_u1OnOnWMCMCO5Z5Z6164virgCMCO,1082080429
sm1.akvX.1049058769.12.qR6T-WMCMCRKqT_u1OnOnWMCMCO5Z5Z6164virgCMCO,1084310932
sm1.akvX.1049058769.12.qR6T-WMCMCRKqT_u1OnOnWMCMCO5Z5Z6164virgCMCO,1082462558
sm1.akvX.1049058769.12.qR6T-WMCMCRKqT_u1OnOnWMCMCO5Z5Z6164virgCMCO,1084738217
sm1.akvX.1049058769.12.qR6T-WMCMCRKqT_u1OnOnWMCMCO5Z5Z6164virgCMCO,1079387775
sm1.akvX.1049058769.12.qR6T-WMCMCRKqT_u1OnOnWMCMCO5Z5Z6164virgCMCO,1081957949
sm1.akvX.1049058769.12.qR6T-WMCMCRKqT_u1OnOnWMCMCO5Z5Z6164virgCMCO,1083992665
sm1.akvX.1049058769.12.qR6T-WMCMCRKqT_u1OnOnWMCMCO5Z5Z6164virgCMCO,1084737531
sm1.akvX.1049058769.12.qR6T-WMCMCRKqT_u1OnOnWMCMCO5Z5Z6164virgCMCO,1085477205
sm1.akvX.1049058769.12.qR6T-WMCMCRKqT_u1OnOnWMCMCO5Z5Z6164virgCMCO,1084671235
sm1.akvX.1049058769.12.qR6T-WMCMCRKqT_u1OnOnWMCMCO5Z5Z6164virgCMCO,1083981122
sm1.akvX.1049058769.12.qR6T-WMCMCRKqT_u1OnOnWMCMCO5Z5Z6164virgCMCO,1084268022
sm1.akvX.1049058769.12.qR6T-WMCMCRKqT_u1OnOnWMCMCO5Z5Z6164virgCMCO,1084746193
sm1.akvX.1049058769.12.qR6T-WMCMCRKqT_u1OnOnWMCMCO5Z5Z6164virgCMCO,1085264171
sm1.akvX.1049058769.12.qR6T-WMCMCRKqT_u1OnOnWMCMCO5Z5Z6164virgCMCO,1084550284
sm1.akvX.1049058769.12.qR6T-WMCMCRKqT_u1OnOnWMCMCO5Z5Z6164virgCMCO,1082564046
sm1.akvX.1049058769.12.qR6T-WMCMCRKqT_u1OnOnWMCMCO5Z5Z6164virgCMCO,1080662069
sm1.akvX.1049058769.12.qR6T-WMCMCRKqT_u1OnOnWMCMCO5Z5Z6164virgCMCO,1084164754
sm1.akvX.1049058769.12.qR6T-WMCMCRKqT_u1OnOnWMCMCO5Z5Z6164virgCMCO,1083026977
sm1.akvX.1049058769.12.qR6T-WMCMCRKqT_u1OnOnWMCMCO5Z5Z6164virgCMCO,1080673276
sm1.akvX.1049058769.12.qR6T-WMCMCRKqT_u1OnOnWMCMCO5Z5Z6164virgCMCO,1080919154
sm1.Qqqd.1020331561.31.qiFYUb4u379uFjrEKJWCSb4u379HE0noKBPJ6muu378,1086156585
sm1.Qqqd.1020331561.31.qiFYUb4u379uFjrEKJWCSb4u379HE0noKBPJ6muu378,1086265154
sm1.Qqqd.1020331561.31.qiFYUb4u379uFjrEKJWCSb4u379HE0noKBPJ6muu378,1086269562
sm1.Qqqd.1020331561.31.qiFYUb4u379uFjrEKJWCSb4u379HE0noKBPJ6muu378,1085657048
sm1.Qqqd.1020331561.31.qiFYUb4u379uFjrEKJWCSb4u379HE0noKBPJ6muu378,1085283096
sm1.Qqqd.1020331561.31.qiFYUb4u379uFjrEKJWCSb4u379HE0noKBPJ6muu378,1085382989
sm1.Qqqd.1020331561.31.qiFYUb4u379uFjrEKJWCSb4u379HE0noKBPJ6muu378,1083762520
sm1.Qqqd.1020331561.31.qiFYUb4u379uFjrEKJWCSb4u379HE0noKBPJ6muu378,1086265700
sm1.Qqqd.1020331561.31.qiFYUb4u379uFjrEKJWCSb4u379HE0noKBPJ6muu378,1083031771
sm1.Qqqd.1020331561.31.qiFYUb4u379uFjrEKJWCSb4u379HE0noKBPJ6muu378,1084555851
sm1.Qqqd.1020331561.31.qiFYUb4u379uFjrEKJWCSb4u379HE0noKBPJ6muu378,1082217477
sm1.Qqqd.1020331561.31.qiFYUb4u379uFjrEKJWCSb4u379HE0noKBPJ6muu378,1083096954
sm1.Qqqd.1020331561.31.qiFYUb4u379uFjrEKJWCSb4u379HE0noKBPJ6muu378,1082464050
sm1.Qqqd.1020331561.31.qiFYUb4u379uFjrEKJWCSb4u379HE0noKBPJ6muu378,1085523075
sm1.Qqqd.1020331561.31.qiFYUb4u379uFjrEKJWCSb4u379HE0noKBPJ6muu378,1081900544
sm1.Qqqd.1020331561.31.qiFYUb4u379uFjrEKJWCSb4u379HE0noKBPJ6muu378,1084262267
sm1.Qqqd.1020331561.31.qiFYUb4u379uFjrEKJWCSb4u379HE0noKBPJ6muu378,1084429062
sm1.Qqqd.1020331561.31.qiFYUb4u379uFjrEKJWCSb4u379HE0noKBPJ6muu378,1084718389
sm1.Qqqd.1020331561.31.qiFYUb4u379uFjrEKJWCSb4u379HE0noKBPJ6muu378,1082737048
sm1.Qqqd.1020331561.31.qiFYUb4u379uFjrEKJWCSb4u379HE0noKBPJ6muu378,1082235486
sm1.Qqqd.1020331561.31.qiFYUb4u379uFjrEKJWCSb4u379HE0noKBPJ6muu378,1082288731
sm1.Qqqd.1020331561.31.qiFYUb4u379uFjrEKJWCSb4u379HE0noKBPJ6muu378,1085622863
sm1.Qqqd.1020331561.31.qiFYUb4u379uFjrEKJWCSb4u379HE0noKBPJ6muu378,1084367789
sm1.Qqqd.1020331561.31.qiFYUb4u379uFjrEKJWCSb4u379HE0noKBPJ6muu378,1082080682
sm1.Qqqd.1020331561.31.qiFYUb4u379uFjrEKJWCSb4u379HE0noKBPJ6muu378,1084724851
sm1.Qqqd.1020331561.31.qiFYUb4u379uFjrEKJWCSb4u379HE0noKBPJ6muu378,1080922664
sm1.Qqqd.1020331561.31.qiFYUb4u379uFjrEKJWCSb4u379HE0noKBPJ6muu378,1082076899
sm1.Qqqd.1020331561.31.qiFYUb4u379uFjrEKJWCSb4u379HE0noKBPJ6muu378,1084724416
sm1.Qqqd.1020331561.31.qiFYUb4u379uFjrEKJWCSb4u379HE0noKBPJ6muu378,1086483322
sm1.Qqqd.1020331561.31.qiFYUb4u379uFjrEKJWCSb4u379HE0noKBPJ6muu378,1085275420
sm1.Qqqd.1020331561.31.qiFYUb4u379uFjrEKJWCSb4u379HE0noKBPJ6muu378,1083193680
sm1.Qqqd.1020331561.31.qiFYUb4u379uFjrEKJWCSb4u379HE0noKBPJ6muu378,1085381049
sm1.Qqqd.1020331561.31.qiFYUb4u379uFjrEKJWCSb4u379HE0noKBPJ6muu378,1084362934
sm1.Qqqd.1020331561.31.qiFYUb4u379uFjrEKJWCSb4u379HE0noKBPJ6muu378,1083733879
sm1.Qqqd.1020331561.31.qiFYUb4u379uFjrEKJWCSb4u379HE0noKBPJ6muu378,1086035938
sm1.Qqqd.1020331561.31.qiFYUb4u379uFjrEKJWCSb4u379HE0noKBPJ6muu378,1084554753
sm1.Qqqd.1020331561.31.qiFYUb4u379uFjrEKJWCSb4u379HE0noKBPJ6muu378,1082955375
sm1.Qqqd.1020331561.31.qiFYUb4u379uFjrEKJWCSb4u379HE0noKBPJ6muu378,1085752314
sm1.Qqqd.1020331561.31.qiFYUb4u379uFjrEKJWCSb4u379HE0noKBPJ6muu378,1082241753
sm1.Qqqd.1020331561.31.qiFYUb4u379uFjrEKJWCSb4u379HE0noKBPJ6muu378,1085285439
sm1.Qqqd.1020331561.31.qiFYUb4u379uFjrEKJWCSb4u379HE0noKBPJ6muu378,1086034900
sm1.Qqqd.1020331561.31.qiFYUb4u379uFjrEKJWCSb4u379HE0noKBPJ6muu378,1086266072
sm1.Qqqd.1020331561.31.qiFYUb4u379uFjrEKJWCSb4u379HE0noKBPJ6muu378,1082788716
sm1.Qqqd.1020331561.31.qiFYUb4u379uFjrEKJWCSb4u379HE0noKBPJ6muu378,1086132430
sm1.Qqqd.1020331561.31.qiFYUb4u379uFjrEKJWCSb4u379HE0noKBPJ6muu378,1084722450
sm1.Qqqd.1020331561.31.qiFYUb4u379uFjrEKJWCSb4u379HE0noKBPJ6muu378,1084364645
sm1.Qqqd.1020331561.31.qiFYUb4u379uFjrEKJWCSb4u379HE0noKBPJ6muu378,1085505083
sm1.Qqqd.1020331561.31.qiFYUb4u379uFjrEKJWCSb4u379HE0noKBPJ6muu378,1085182633
sm1.Qqqd.1020331561.31.qiFYUb4u379uFjrEKJWCSb4u379HE0noKBPJ6muu378,1086486381
sm1.Qqqd.1020331561.31.qiFYUb4u379uFjrEKJWCSb4u379HE0noKBPJ6muu378,1083860672
sm1.Qqqd.1020331561.31.qiFYUb4u379uFjrEKJWCSb4u379HE0noKBPJ6muu378,1084366022
sm1.Qqqd.1020331561.31.qiFYUb4u379uFjrEKJWCSb4u379HE0noKBPJ6muu378,1083030837
sm1.Qqqd.1020331561.31.qiFYUb4u379uFjrEKJWCSb4u379HE0noKBPJ6muu378,1083026377
sm1.Qqqd.1020331561.31.qiFYUb4u379uFjrEKJWCSb4u379HE0noKBPJ6muu378,1080856394
sm1.Qqqd.1020331561.31.qiFYUb4u379uFjrEKJWCSb4u379HE0noKBPJ6muu378,1086484351
sm1.Qqqd.1020331561.31.qiFYUb4u379uFjrEKJWCSb4u379HE0noKBPJ6muu378,1085655157
sm1.Qqqd.1020331561.31.qiFYUb4u379uFjrEKJWCSb4u379HE0noKBPJ6muu378,1082720609
sm1.Qqqd.1020331561.31.qiFYUb4u379uFjrEKJWCSb4u379HE0noKBPJ6muu378,1084729113
sm1.Qqqd.1020331561.31.qiFYUb4u379uFjrEKJWCSb4u379HE0noKBPJ6muu378,1084736110
sm1.Qqqd.1020331561.31.qiFYUb4u379uFjrEKJWCSb4u379HE0noKBPJ6muu378,1085342462
sm1.Qqqd.1020331561.31.qiFYUb4u379uFjrEKJWCSb4u379HE0noKBPJ6muu378,1080535674
sm1.Qqqd.1020331561.31.qiFYUb4u379uFjrEKJWCSb4u379HE0noKBPJ6muu378,1084557703
sm1.Qqqd.1020331561.31.qiFYUb4u379uFjrEKJWCSb4u379HE0noKBPJ6muu378,1084363896
sm1.Qqqd.1020331561.31.qiFYUb4u379uFjrEKJWCSb4u379HE0noKBPJ6muu378,1085291232
sm1.Qqqd.1020331561.31.qiFYUb4u379uFjrEKJWCSb4u379HE0noKBPJ6muu378,1084371225
sm1.Qqqd.1020331561.31.qiFYUb4u379uFjrEKJWCSb4u379HE0noKBPJ6muu378,1082090356
sm1.Qqqd.1020331561.31.qiFYUb4u379uFjrEKJWCSb4u379HE0noKBPJ6muu378,1085289792
sm1.Qqqd.1020331561.31.qiFYUb4u379uFjrEKJWCSb4u379HE0noKBPJ6muu378,1084737680
sm1.Qqqd.1020331561.31.qiFYUb4u379uFjrEKJWCSb4u379HE0noKBPJ6muu378,1084205252
sm1.Qqqd.1020331561.31.qiFYUb4u379uFjrEKJWCSb4u379HE0noKBPJ6muu378,1085173161
sm1.Qqqd.1020331561.31.qiFYUb4u379uFjrEKJWCSb4u379HE0noKBPJ6muu378,1082354524
sm1.Qqqd.1020331561.31.qiFYUb4u379uFjrEKJWCSb4u379HE0noKBPJ6muu378,1086604545
sm1.Qqqd.1020331561.31.qiFYUb4u379uFjrEKJWCSb4u379HE0noKBPJ6muu378,1084669396
sm1.Qqqd.1020331561.31.qiFYUb4u379uFjrEKJWCSb4u379HE0noKBPJ6muu378,1082224972
sm1.Qqqd.1020331561.31.qiFYUb4u379uFjrEKJWCSb4u379HE0noKBPJ6muu378,1085287377
sm1.Qqqd.1020331561.31.qiFYUb4u379uFjrEKJWCSb4u379HE0noKBPJ6muu378,1085648652
sm1.Qqqd.1020331561.31.qiFYUb4u379uFjrEKJWCSb4u379HE0noKBPJ6muu378,1081566701
sm1.Qqqd.1020331561.31.qiFYUb4u379uFjrEKJWCSb4u379HE0noKBPJ6muu378,1084550643
sm1.Qqqd.1020331561.31.qiFYUb4u379uFjrEKJWCSb4u379HE0noKBPJ6muu378,1084366854
sm1.Qqqd.1020331561.31.qiFYUb4u379uFjrEKJWCSb4u379HE0noKBPJ6muu378,1082080429
sm1.Qqqd.1020331561.31.qiFYUb4u379uFjrEKJWCSb4u379HE0noKBPJ6muu378,1084310932
sm1.Qqqd.1020331561.31.qiFYUb4u379uFjrEKJWCSb4u379HE0noKBPJ6muu378,1082462558
sm1.Qqqd.1020331561.31.qiFYUb4u379uFjrEKJWCSb4u379HE0noKBPJ6muu378,1084738217
sm1.Qqqd.1020331561.31.qiFYUb4u379uFjrEKJWCSb4u379HE0noKBPJ6muu378,1079387775
sm1.Qqqd.1020331561.31.qiFYUb4u379uFjrEKJWCSb4u379HE0noKBPJ6muu378,1081957949
sm1.Qqqd.1020331561.31.qiFYUb4u379uFjrEKJWCSb4u379HE0noKBPJ6muu378,1083992665
sm1.Qqqd.1020331561.31.qiFYUb4u379uFjrEKJWCSb4u379HE0noKBPJ6muu378,1084737531
sm1.Qqqd.1020331561.31.qiFYUb4u379uFjrEKJWCSb4u379HE0noKBPJ6muu378,1085477205
sm1.Qqqd.1020331561.31.qiFYUb4u379uFjrEKJWCSb4u379HE0noKBPJ6muu378,1084671235
sm1.Qqqd.1020331561.31.qiFYUb4u379uFjrEKJWCSb4u379HE0noKBPJ6muu378,1083981122
sm1.Qqqd.1020331561.31.qiFYUb4u379uFjrEKJWCSb4u379HE0noKBPJ6muu378,1084268022
sm1.Qqqd.1020331561.31.qiFYUb4u379uFjrEKJWCSb4u379HE0noKBPJ6muu378,1084746193
sm1.Qqqd.1020331561.31.qiFYUb4u379uFjrEKJWCSb4u379HE0noKBPJ6muu378,1085264171
sm1.Qqqd.1020331561.31.qiFYUb4u379uFjrEKJWCSb4u379HE0noKBPJ6muu378,1084550284
sm1.Qqqd.1020331561.31.qiFYUb4u379uFjrEKJWCSb4u379HE0noKBPJ6muu378,1082564046
sm1.Qqqd.1020331561.31.qiFYUb4u379uFjrEKJWCSb4u379HE0noKBPJ6muu378,1080662069
sm1.Qqqd.1020331561.31.qiFYUb4u379uFjrEKJWCSb4u379HE0noKBPJ6muu378,1084164754
sm1.Qqqd.1020331561.31.qiFYUb4u379uFjrEKJWCSb4u379HE0noKBPJ6muu378,1083026977
sm1.Qqqd.1020331561.31.qiFYUb4u379uFjrEKJWCSb4u379HE0noKBPJ6muu378,1080673276
sm1.Qqqd.1020331561.31.qiFYUb4u379uFjrEKJWCSb4u379HE0noKBPJ6muu378,1080919154
sm1.F6j8.1020100116.461.9rjDokSokdZpJ7T4vpAwUESokdZdChfuvX32zhWokdW,1086156585
sm1.F6j8.1020100116.461.9rjDokSokdZpJ7T4vpAwUESokdZdChfuvX32zhWokdW,1086265154
sm1.F6j8.1020100116.461.9rjDokSokdZpJ7T4vpAwUESokdZdChfuvX32zhWokdW,1086269562
sm1.F6j8.1020100116.461.9rjDokSokdZpJ7T4vpAwUESokdZdChfuvX32zhWokdW,1085657048
sm1.F6j8.1020100116.461.9rjDokSokdZpJ7T4vpAwUESokdZdChfuvX32zhWokdW,1085283096
sm1.F6j8.1020100116.461.9rjDokSokdZpJ7T4vpAwUESokdZdChfuvX32zhWokdW,1085382989
sm1.F6j8.1020100116.461.9rjDokSokdZpJ7T4vpAwUESokdZdChfuvX32zhWokdW,1083762520
sm1.F6j8.1020100116.461.9rjDokSokdZpJ7T4vpAwUESokdZdChfuvX32zhWokdW,1086265700
sm1.F6j8.1020100116.461.9rjDokSokdZpJ7T4vpAwUESokdZdChfuvX32zhWokdW,1083031771
sm1.F6j8.1020100116.461.9rjDokSokdZpJ7T4vpAwUESokdZdChfuvX32zhWokdW,1084555851
sm1.F6j8.1020100116.461.9rjDokSokdZpJ7T4vpAwUESokdZdChfuvX32zhWokdW,1082217477
sm1.F6j8.1020100116.461.9rjDokSokdZpJ7T4vpAwUESokdZdChfuvX32zhWokdW,1083096954
sm1.F6j8.1020100116.461.9rjDokSokdZpJ7T4vpAwUESokdZdChfuvX32zhWokdW,1082464050
sm1.F6j8.1020100116.461.9rjDokSokdZpJ7T4vpAwUESokdZdChfuvX32zhWokdW,1085523075
sm1.F6j8.1020100116.461.9rjDokSokdZpJ7T4vpAwUESokdZdChfuvX32zhWokdW,1081900544
sm1.F6j8.1020100116.461.9rjDokSokdZpJ7T4vpAwUESokdZdChfuvX32zhWokdW,1084262267
sm1.F6j8.1020100116.461.9rjDokSokdZpJ7T4vpAwUESokdZdChfuvX32zhWokdW,1084429062
sm1.F6j8.1020100116.461.9rjDokSokdZpJ7T4vpAwUESokdZdChfuvX32zhWokdW,1084718389
sm1.F6j8.1020100116.461.9rjDokSokdZpJ7T4vpAwUESokdZdChfuvX32zhWokdW,1082737048
sm1.F6j8.1020100116.461.9rjDokSokdZpJ7T4vpAwUESokdZdChfuvX32zhWokdW,1082235486
sm1.F6j8.1020100116.461.9rjDokSokdZpJ7T4vpAwUESokdZdChfuvX32zhWokdW,1082288731
sm1.F6j8.1020100116.461.9rjDokSokdZpJ7T4vpAwUESokdZdChfuvX32zhWokdW,1085622863
sm1.F6j8.1020100116.461.9rjDokSokdZpJ7T4vpAwUESokdZdChfuvX32zhWokdW,1084367789
sm1.F6j8.1020100116.461.9rjDokSokdZpJ7T4vpAwUESokdZdChfuvX32zhWokdW,1082080682
sm1.F6j8.1020100116.461.9rjDokSokdZpJ7T4vpAwUESokdZdChfuvX32zhWokdW,1084724851
sm1.F6j8.1020100116.461.9rjDokSokdZpJ7T4vpAwUESokdZdChfuvX32zhWokdW,1080922664
sm1.F6j8.1020100116.461.9rjDokSokdZpJ7T4vpAwUESokdZdChfuvX32zhWokdW,1082076899
sm1.F6j8.1020100116.461.9rjDokSokdZpJ7T4vpAwUESokdZdChfuvX32zhWokdW,1084724416
sm1.F6j8.1020100116.461.9rjDokSokdZpJ7T4vpAwUESokdZdChfuvX32zhWokdW,1086483322
sm1.F6j8.1020100116.461.9rjDokSokdZpJ7T4vpAwUESokdZdChfuvX32zhWokdW,1085275420
sm1.F6j8.1020100116.461.9rjDokSokdZpJ7T4vpAwUESokdZdChfuvX32zhWokdW,1083193680
sm1.F6j8.1020100116.461.9rjDokSokdZpJ7T4vpAwUESokdZdChfuvX32zhWokdW,1085381049
sm1.F6j8.1020100116.461.9rjDokSokdZpJ7T4vpAwUESokdZdChfuvX32zhWokdW,1084362934
sm1.F6j8.1020100116.461.9rjDokSokdZpJ7T4vpAwUESokdZdChfuvX32zhWokdW,1083733879
sm1.F6j8.1020100116.461.9rjDokSokdZpJ7T4vpAwUESokdZdChfuvX32zhWokdW,1086035938
sm1.F6j8.1020100116.461.9rjDokSokdZpJ7T4vpAwUESokdZdChfuvX32zhWokdW,1084554753
sm1.F6j8.1020100116.461.9rjDokSokdZpJ7T4vpAwUESokdZdChfuvX32zhWokdW,1082955375
sm1.F6j8.1020100116.461.9rjDokSokdZpJ7T4vpAwUESokdZdChfuvX32zhWokdW,1085752314
sm1.F6j8.1020100116.461.9rjDokSokdZpJ7T4vpAwUESokdZdChfuvX32zhWokdW,1082241753
sm1.F6j8.1020100116.461.9rjDokSokdZpJ7T4vpAwUESokdZdChfuvX32zhWokdW,1085285439
sm1.F6j8.1020100116.461.9rjDokSokdZpJ7T4vpAwUESokdZdChfuvX32zhWokdW,1086034900
sm1.F6j8.1020100116.461.9rjDokSokdZpJ7T4vpAwUESokdZdChfuvX32zhWokdW,1086266072
sm1.F6j8.1020100116.461.9rjDokSokdZpJ7T4vpAwUESokdZdChfuvX32zhWokdW,1082788716
sm1.F6j8.1020100116.461.9rjDokSokdZpJ7T4vpAwUESokdZdChfuvX32zhWokdW,1086132430
sm1.F6j8.1020100116.461.9rjDokSokdZpJ7T4vpAwUESokdZdChfuvX32zhWokdW,1084722450
sm1.F6j8.1020100116.461.9rjDokSokdZpJ7T4vpAwUESokdZdChfuvX32zhWokdW,1084364645
sm1.F6j8.1020100116.461.9rjDokSokdZpJ7T4vpAwUESokdZdChfuvX32zhWokdW,1085505083
sm1.F6j8.1020100116.461.9rjDokSokdZpJ7T4vpAwUESokdZdChfuvX32zhWokdW,1085182633
sm1.F6j8.1020100116.461.9rjDokSokdZpJ7T4vpAwUESokdZdChfuvX32zhWokdW,1086486381
sm1.F6j8.1020100116.461.9rjDokSokdZpJ7T4vpAwUESokdZdChfuvX32zhWokdW,1083860672
sm1.F6j8.1020100116.461.9rjDokSokdZpJ7T4vpAwUESokdZdChfuvX32zhWokdW,1084366022
sm1.F6j8.1020100116.461.9rjDokSokdZpJ7T4vpAwUESokdZdChfuvX32zhWokdW,1083030837
sm1.F6j8.1020100116.461.9rjDokSokdZpJ7T4vpAwUESokdZdChfuvX32zhWokdW,1083026377
sm1.F6j8.1020100116.461.9rjDokSokdZpJ7T4vpAwUESokdZdChfuvX32zhWokdW,1080856394
sm1.F6j8.1020100116.461.9rjDokSokdZpJ7T4vpAwUESokdZdChfuvX32zhWokdW,1086484351
sm1.F6j8.1020100116.461.9rjDokSokdZpJ7T4vpAwUESokdZdChfuvX32zhWokdW,1085655157
sm1.F6j8.1020100116.461.9rjDokSokdZpJ7T4vpAwUESokdZdChfuvX32zhWokdW,1082720609
sm1.F6j8.1020100116.461.9rjDokSokdZpJ7T4vpAwUESokdZdChfuvX32zhWokdW,1084729113
sm1.F6j8.1020100116.461.9rjDokSokdZpJ7T4vpAwUESokdZdChfuvX32zhWokdW,1084736110
sm1.F6j8.1020100116.461.9rjDokSokdZpJ7T4vpAwUESokdZdChfuvX32zhWokdW,1085342462
sm1.F6j8.1020100116.461.9rjDokSokdZpJ7T4vpAwUESokdZdChfuvX32zhWokdW,1080535674
sm1.F6j8.1020100116.461.9rjDokSokdZpJ7T4vpAwUESokdZdChfuvX32zhWokdW,1084557703
sm1.F6j8.1020100116.461.9rjDokSokdZpJ7T4vpAwUESokdZdChfuvX32zhWokdW,1084363896
sm1.F6j8.1020100116.461.9rjDokSokdZpJ7T4vpAwUESokdZdChfuvX32zhWokdW,1085291232
sm1.F6j8.1020100116.461.9rjDokSokdZpJ7T4vpAwUESokdZdChfuvX32zhWokdW,1084371225
sm1.F6j8.1020100116.461.9rjDokSokdZpJ7T4vpAwUESokdZdChfuvX32zhWokdW,1082090356
sm1.F6j8.1020100116.461.9rjDokSokdZpJ7T4vpAwUESokdZdChfuvX32zhWokdW,1085289792
sm1.F6j8.1020100116.461.9rjDokSokdZpJ7T4vpAwUESokdZdChfuvX32zhWokdW,1084737680
sm1.F6j8.1020100116.461.9rjDokSokdZpJ7T4vpAwUESokdZdChfuvX32zhWokdW,1084205252
sm1.F6j8.1020100116.461.9rjDokSokdZpJ7T4vpAwUESokdZdChfuvX32zhWokdW,1085173161
sm1.F6j8.1020100116.461.9rjDokSokdZpJ7T4vpAwUESokdZdChfuvX32zhWokdW,1082354524
sm1.F6j8.1020100116.461.9rjDokSokdZpJ7T4vpAwUESokdZdChfuvX32zhWokdW,1086604545
sm1.F6j8.1020100116.461.9rjDokSokdZpJ7T4vpAwUESokdZdChfuvX32zhWokdW,1084669396
sm1.F6j8.1020100116.461.9rjDokSokdZpJ7T4vpAwUESokdZdChfuvX32zhWokdW,1082224972
sm1.F6j8.1020100116.461.9rjDokSokdZpJ7T4vpAwUESokdZdChfuvX32zhWokdW,1085287377
sm1.F6j8.1020100116.461.9rjDokSokdZpJ7T4vpAwUESokdZdChfuvX32zhWokdW,1085648652
sm1.F6j8.1020100116.461.9rjDokSokdZpJ7T4vpAwUESokdZdChfuvX32zhWokdW,1081566701
sm1.F6j8.1020100116.461.9rjDokSokdZpJ7T4vpAwUESokdZdChfuvX32zhWokdW,1084550643
sm1.F6j8.1020100116.461.9rjDokSokdZpJ7T4vpAwUESokdZdChfuvX32zhWokdW,1084366854
sm1.F6j8.1020100116.461.9rjDokSokdZpJ7T4vpAwUESokdZdChfuvX32zhWokdW,1082080429
sm1.F6j8.1020100116.461.9rjDokSokdZpJ7T4vpAwUESokdZdChfuvX32zhWokdW,1084310932
sm1.F6j8.1020100116.461.9rjDokSokdZpJ7T4vpAwUESokdZdChfuvX32zhWokdW,1082462558
sm1.F6j8.1020100116.461.9rjDokSokdZpJ7T4vpAwUESokdZdChfuvX32zhWokdW,1084738217
sm1.F6j8.1020100116.461.9rjDokSokdZpJ7T4vpAwUESokdZdChfuvX32zhWokdW,1079387775
sm1.F6j8.1020100116.461.9rjDokSokdZpJ7T4vpAwUESokdZdChfuvX32zhWokdW,1081957949
sm1.F6j8.1020100116.461.9rjDokSokdZpJ7T4vpAwUESokdZdChfuvX32zhWokdW,1083992665
sm1.F6j8.1020100116.461.9rjDokSokdZpJ7T4vpAwUESokdZdChfuvX32zhWokdW,1084737531
sm1.F6j8.1020100116.461.9rjDokSokdZpJ7T4vpAwUESokdZdChfuvX32zhWokdW,1085477205
sm1.F6j8.1020100116.461.9rjDokSokdZpJ7T4vpAwUESokdZdChfuvX32zhWokdW,1084671235
sm1.F6j8.1020100116.461.9rjDokSokdZpJ7T4vpAwUESokdZdChfuvX32zhWokdW,1083981122
sm1.F6j8.1020100116.461.9rjDokSokdZpJ7T4vpAwUESokdZdChfuvX32zhWokdW,1084268022
sm1.F6j8.1020100116.461.9rjDokSokdZpJ7T4vpAwUESokdZdChfuvX32zhWokdW,1084746193
sm1.F6j8.1020100116.461.9rjDokSokdZpJ7T4vpAwUESokdZdChfuvX32zhWokdW,1085264171
sm1.F6j8.1020100116.461.9rjDokSokdZpJ7T4vpAwUESokdZdChfuvX32zhWokdW,1084550284
sm1.F6j8.1020100116.461.9rjDokSokdZpJ7T4vpAwUESokdZdChfuvX32zhWokdW,1082564046
sm1.F6j8.1020100116.461.9rjDokSokdZpJ7T4vpAwUESokdZdChfuvX32zhWokdW,1080662069
sm1.F6j8.1020100116.461.9rjDokSokdZpJ7T4vpAwUESokdZdChfuvX32zhWokdW,1084164754
sm1.F6j8.1020100116.461.9rjDokSokdZpJ7T4vpAwUESokdZdChfuvX32zhWokdW,1083026977
sm1.F6j8.1020100116.461.9rjDokSokdZpJ7T4vpAwUESokdZdChfuvX32zhWokdW,1080673276
sm1.F6j8.1020100116.461.9rjDokSokdZpJ7T4vpAwUESokdZdChfuvX32zhWokdW,1080919154
sm1.PBwO.1038043411.637.bVwqO_4mh7hYUND7yJ2iUl4mh7hnCAnwyEcsnQumh7e,1086156585
sm1.PBwO.1038043411.637.bVwqO_4mh7hYUND7yJ2iUl4mh7hnCAnwyEcsnQumh7e,1086265154
sm1.PBwO.1038043411.637.bVwqO_4mh7hYUND7yJ2iUl4mh7hnCAnwyEcsnQumh7e,1086269562
sm1.PBwO.1038043411.637.bVwqO_4mh7hYUND7yJ2iUl4mh7hnCAnwyEcsnQumh7e,1085657048
sm1.PBwO.1038043411.637.bVwqO_4mh7hYUND7yJ2iUl4mh7hnCAnwyEcsnQumh7e,1085283096
sm1.PBwO.1038043411.637.bVwqO_4mh7hYUND7yJ2iUl4mh7hnCAnwyEcsnQumh7e,1085382989
sm1.PBwO.1038043411.637.bVwqO_4mh7hYUND7yJ2iUl4mh7hnCAnwyEcsnQumh7e,1083762520
sm1.PBwO.1038043411.637.bVwqO_4mh7hYUND7yJ2iUl4mh7hnCAnwyEcsnQumh7e,1086265700
sm1.PBwO.1038043411.637.bVwqO_4mh7hYUND7yJ2iUl4mh7hnCAnwyEcsnQumh7e,1083031771
sm1.PBwO.1038043411.637.bVwqO_4mh7hYUND7yJ2iUl4mh7hnCAnwyEcsnQumh7e,1084555851
sm1.PBwO.1038043411.637.bVwqO_4mh7hYUND7yJ2iUl4mh7hnCAnwyEcsnQumh7e,1082217477
sm1.PBwO.1038043411.637.bVwqO_4mh7hYUND7yJ2iUl4mh7hnCAnwyEcsnQumh7e,1083096954
sm1.PBwO.1038043411.637.bVwqO_4mh7hYUND7yJ2iUl4mh7hnCAnwyEcsnQumh7e,1082464050
sm1.PBwO.1038043411.637.bVwqO_4mh7hYUND7yJ2iUl4mh7hnCAnwyEcsnQumh7e,1085523075
sm1.PBwO.1038043411.637.bVwqO_4mh7hYUND7yJ2iUl4mh7hnCAnwyEcsnQumh7e,1081900544
sm1.PBwO.1038043411.637.bVwqO_4mh7hYUND7yJ2iUl4mh7hnCAnwyEcsnQumh7e,1084262267
sm1.PBwO.1038043411.637.bVwqO_4mh7hYUND7yJ2iUl4mh7hnCAnwyEcsnQumh7e,1084429062
sm1.PBwO.1038043411.637.bVwqO_4mh7hYUND7yJ2iUl4mh7hnCAnwyEcsnQumh7e,1084718389
sm1.PBwO.1038043411.637.bVwqO_4mh7hYUND7yJ2iUl4mh7hnCAnwyEcsnQumh7e,1082737048
sm1.PBwO.1038043411.637.bVwqO_4mh7hYUND7yJ2iUl4mh7hnCAnwyEcsnQumh7e,1082235486
sm1.PBwO.1038043411.637.bVwqO_4mh7hYUND7yJ2iUl4mh7hnCAnwyEcsnQumh7e,1082288731
sm1.PBwO.1038043411.637.bVwqO_4mh7hYUND7yJ2iUl4mh7hnCAnwyEcsnQumh7e,1085622863
sm1.PBwO.1038043411.637.bVwqO_4mh7hYUND7yJ2iUl4mh7hnCAnwyEcsnQumh7e,1084367789
sm1.PBwO.1038043411.637.bVwqO_4mh7hYUND7yJ2iUl4mh7hnCAnwyEcsnQumh7e,1082080682
sm1.PBwO.1038043411.637.bVwqO_4mh7hYUND7yJ2iUl4mh7hnCAnwyEcsnQumh7e,1084724851
sm1.PBwO.1038043411.637.bVwqO_4mh7hYUND7yJ2iUl4mh7hnCAnwyEcsnQumh7e,1080922664
sm1.PBwO.1038043411.637.bVwqO_4mh7hYUND7yJ2iUl4mh7hnCAnwyEcsnQumh7e,1082076899
sm1.PBwO.1038043411.637.bVwqO_4mh7hYUND7yJ2iUl4mh7hnCAnwyEcsnQumh7e,1084724416
sm1.PBwO.1038043411.637.bVwqO_4mh7hYUND7yJ2iUl4mh7hnCAnwyEcsnQumh7e,1086483322
sm1.PBwO.1038043411.637.bVwqO_4mh7hYUND7yJ2iUl4mh7hnCAnwyEcsnQumh7e,1085275420
sm1.PBwO.1038043411.637.bVwqO_4mh7hYUND7yJ2iUl4mh7hnCAnwyEcsnQumh7e,1083193680
sm1.PBwO.1038043411.637.bVwqO_4mh7hYUND7yJ2iUl4mh7hnCAnwyEcsnQumh7e,1085381049
sm1.PBwO.1038043411.637.bVwqO_4mh7hYUND7yJ2iUl4mh7hnCAnwyEcsnQumh7e,1084362934
sm1.PBwO.1038043411.637.bVwqO_4mh7hYUND7yJ2iUl4mh7hnCAnwyEcsnQumh7e,1083733879
sm1.PBwO.1038043411.637.bVwqO_4mh7hYUND7yJ2iUl4mh7hnCAnwyEcsnQumh7e,1086035938
sm1.PBwO.1038043411.637.bVwqO_4mh7hYUND7yJ2iUl4mh7hnCAnwyEcsnQumh7e,1084554753
sm1.PBwO.1038043411.637.bVwqO_4mh7hYUND7yJ2iUl4mh7hnCAnwyEcsnQumh7e,1082955375
sm1.PBwO.1038043411.637.bVwqO_4mh7hYUND7yJ2iUl4mh7hnCAnwyEcsnQumh7e,1085752314
sm1.PBwO.1038043411.637.bVwqO_4mh7hYUND7yJ2iUl4mh7hnCAnwyEcsnQumh7e,1082241753
sm1.PBwO.1038043411.637.bVwqO_4mh7hYUND7yJ2iUl4mh7hnCAnwyEcsnQumh7e,1085285439
sm1.PBwO.1038043411.637.bVwqO_4mh7hYUND7yJ2iUl4mh7hnCAnwyEcsnQumh7e,1086034900
sm1.PBwO.1038043411.637.bVwqO_4mh7hYUND7yJ2iUl4mh7hnCAnwyEcsnQumh7e,1086266072
sm1.PBwO.1038043411.637.bVwqO_4mh7hYUND7yJ2iUl4mh7hnCAnwyEcsnQumh7e,1082788716
sm1.PBwO.1038043411.637.bVwqO_4mh7hYUND7yJ2iUl4mh7hnCAnwyEcsnQumh7e,1086132430
sm1.PBwO.1038043411.637.bVwqO_4mh7hYUND7yJ2iUl4mh7hnCAnwyEcsnQumh7e,1084722450
sm1.PBwO.1038043411.637.bVwqO_4mh7hYUND7yJ2iUl4mh7hnCAnwyEcsnQumh7e,1084364645
sm1.PBwO.1038043411.637.bVwqO_4mh7hYUND7yJ2iUl4mh7hnCAnwyEcsnQumh7e,1085505083
sm1.PBwO.1038043411.637.bVwqO_4mh7hYUND7yJ2iUl4mh7hnCAnwyEcsnQumh7e,1085182633
sm1.PBwO.1038043411.637.bVwqO_4mh7hYUND7yJ2iUl4mh7hnCAnwyEcsnQumh7e,1086486381
sm1.PBwO.1038043411.637.bVwqO_4mh7hYUND7yJ2iUl4mh7hnCAnwyEcsnQumh7e,1083860672
sm1.PBwO.1038043411.637.bVwqO_4mh7hYUND7yJ2iUl4mh7hnCAnwyEcsnQumh7e,1084366022
sm1.PBwO.1038043411.637.bVwqO_4mh7hYUND7yJ2iUl4mh7hnCAnwyEcsnQumh7e,1083030837
sm1.PBwO.1038043411.637.bVwqO_4mh7hYUND7yJ2iUl4mh7hnCAnwyEcsnQumh7e,1083026377
sm1.PBwO.1038043411.637.bVwqO_4mh7hYUND7yJ2iUl4mh7hnCAnwyEcsnQumh7e,1080856394
sm1.PBwO.1038043411.637.bVwqO_4mh7hYUND7yJ2iUl4mh7hnCAnwyEcsnQumh7e,1086484351
sm1.PBwO.1038043411.637.bVwqO_4mh7hYUND7yJ2iUl4mh7hnCAnwyEcsnQumh7e,1085655157
sm1.PBwO.1038043411.637.bVwqO_4mh7hYUND7yJ2iUl4mh7hnCAnwyEcsnQumh7e,1082720609
sm1.PBwO.1038043411.637.bVwqO_4mh7hYUND7yJ2iUl4mh7hnCAnwyEcsnQumh7e,1084729113
sm1.PBwO.1038043411.637.bVwqO_4mh7hYUND7yJ2iUl4mh7hnCAnwyEcsnQumh7e,1084736110
sm1.PBwO.1038043411.637.bVwqO_4mh7hYUND7yJ2iUl4mh7hnCAnwyEcsnQumh7e,1085342462
sm1.PBwO.1038043411.637.bVwqO_4mh7hYUND7yJ2iUl4mh7hnCAnwyEcsnQumh7e,1080535674
sm1.PBwO.1038043411.637.bVwqO_4mh7hYUND7yJ2iUl4mh7hnCAnwyEcsnQumh7e,1084557703
sm1.PBwO.1038043411.637.bVwqO_4mh7hYUND7yJ2iUl4mh7hnCAnwyEcsnQumh7e,1084363896
sm1.PBwO.1038043411.637.bVwqO_4mh7hYUND7yJ2iUl4mh7hnCAnwyEcsnQumh7e,1085291232
sm1.PBwO.1038043411.637.bVwqO_4mh7hYUND7yJ2iUl4mh7hnCAnwyEcsnQumh7e,1084371225
sm1.PBwO.1038043411.637.bVwqO_4mh7hYUND7yJ2iUl4mh7hnCAnwyEcsnQumh7e,1082090356
sm1.PBwO.1038043411.637.bVwqO_4mh7hYUND7yJ2iUl4mh7hnCAnwyEcsnQumh7e,1085289792
sm1.PBwO.1038043411.637.bVwqO_4mh7hYUND7yJ2iUl4mh7hnCAnwyEcsnQumh7e,1084737680
sm1.PBwO.1038043411.637.bVwqO_4mh7hYUND7yJ2iUl4mh7hnCAnwyEcsnQumh7e,1084205252
sm1.PBwO.1038043411.637.bVwqO_4mh7hYUND7yJ2iUl4mh7hnCAnwyEcsnQumh7e,1085173161
sm1.PBwO.1038043411.637.bVwqO_4mh7hYUND7yJ2iUl4mh7hnCAnwyEcsnQumh7e,1082354524
sm1.PBwO.1038043411.637.bVwqO_4mh7hYUND7yJ2iUl4mh7hnCAnwyEcsnQumh7e,1086604545
sm1.PBwO.1038043411.637.bVwqO_4mh7hYUND7yJ2iUl4mh7hnCAnwyEcsnQumh7e,1084669396
sm1.PBwO.1038043411.637.bVwqO_4mh7hYUND7yJ2iUl4mh7hnCAnwyEcsnQumh7e,1082224972
sm1.PBwO.1038043411.637.bVwqO_4mh7hYUND7yJ2iUl4mh7hnCAnwyEcsnQumh7e,1085287377
sm1.PBwO.1038043411.637.bVwqO_4mh7hYUND7yJ2iUl4mh7hnCAnwyEcsnQumh7e,1085648652
sm1.PBwO.1038043411.637.bVwqO_4mh7hYUND7yJ2iUl4mh7hnCAnwyEcsnQumh7e,1081566701
sm1.PBwO.1038043411.637.bVwqO_4mh7hYUND7yJ2iUl4mh7hnCAnwyEcsnQumh7e,1084550643
sm1.PBwO.1038043411.637.bVwqO_4mh7hYUND7yJ2iUl4mh7hnCAnwyEcsnQumh7e,1084366854
sm1.PBwO.1038043411.637.bVwqO_4mh7hYUND7yJ2iUl4mh7hnCAnwyEcsnQumh7e,1082080429
sm1.PBwO.1038043411.637.bVwqO_4mh7hYUND7yJ2iUl4mh7hnCAnwyEcsnQumh7e,1084310932
sm1.PBwO.1038043411.637.bVwqO_4mh7hYUND7yJ2iUl4mh7hnCAnwyEcsnQumh7e,1082462558
sm1.PBwO.1038043411.637.bVwqO_4mh7hYUND7yJ2iUl4mh7hnCAnwyEcsnQumh7e,1084738217
sm1.PBwO.1038043411.637.bVwqO_4mh7hYUND7yJ2iUl4mh7hnCAnwyEcsnQumh7e,1079387775
sm1.PBwO.1038043411.637.bVwqO_4mh7hYUND7yJ2iUl4mh7hnCAnwyEcsnQumh7e,1081957949
sm1.PBwO.1038043411.637.bVwqO_4mh7hYUND7yJ2iUl4mh7hnCAnwyEcsnQumh7e,1083992665
sm1.PBwO.1038043411.637.bVwqO_4mh7hYUND7yJ2iUl4mh7hnCAnwyEcsnQumh7e,1084737531
sm1.PBwO.1038043411.637.bVwqO_4mh7hYUND7yJ2iUl4mh7hnCAnwyEcsnQumh7e,1085477205
sm1.PBwO.1038043411.637.bVwqO_4mh7hYUND7yJ2iUl4mh7hnCAnwyEcsnQumh7e,1084671235
sm1.PBwO.1038043411.637.bVwqO_4mh7hYUND7yJ2iUl4mh7hnCAnwyEcsnQumh7e,1083981122
sm1.PBwO.1038043411.637.bVwqO_4mh7hYUND7yJ2iUl4mh7hnCAnwyEcsnQumh7e,1084268022
sm1.PBwO.1038043411.637.bVwqO_4mh7hYUND7yJ2iUl4mh7hnCAnwyEcsnQumh7e,1084746193
sm1.PBwO.1038043411.637.bVwqO_4mh7hYUND7yJ2iUl4mh7hnCAnwyEcsnQumh7e,1085264171
sm1.PBwO.1038043411.637.bVwqO_4mh7hYUND7yJ2iUl4mh7hnCAnwyEcsnQumh7e,1084550284
sm1.PBwO.1038043411.637.bVwqO_4mh7hYUND7yJ2iUl4mh7hnCAnwyEcsnQumh7e,1082564046
sm1.PBwO.1038043411.637.bVwqO_4mh7hYUND7yJ2iUl4mh7hnCAnwyEcsnQumh7e,1080662069
sm1.PBwO.1038043411.637.bVwqO_4mh7hYUND7yJ2iUl4mh7hnCAnwyEcsnQumh7e,1084164754
sm1.PBwO.1038043411.637.bVwqO_4mh7hYUND7yJ2iUl4mh7hnCAnwyEcsnQumh7e,1083026977
sm1.PBwO.1038043411.637.bVwqO_4mh7hYUND7yJ2iUl4mh7hnCAnwyEcsnQumh7e,1080673276
sm1.PBwO.1038043411.637.bVwqO_4mh7hYUND7yJ2iUl4mh7hnCAnwyEcsnQumh7e,1080919154
sm1.prMn.1037491098.14.M_fWxxIFwSKkL3_uj8_fnRIFwSMqZ-d5jLiIwUkFwSK,1086156585
sm1.prMn.1037491098.14.M_fWxxIFwSKkL3_uj8_fnRIFwSMqZ-d5jLiIwUkFwSK,1086265154
sm1.prMn.1037491098.14.M_fWxxIFwSKkL3_uj8_fnRIFwSMqZ-d5jLiIwUkFwSK,1086269562
sm1.prMn.1037491098.14.M_fWxxIFwSKkL3_uj8_fnRIFwSMqZ-d5jLiIwUkFwSK,1085657048
sm1.prMn.1037491098.14.M_fWxxIFwSKkL3_uj8_fnRIFwSMqZ-d5jLiIwUkFwSK,1085283096
sm1.prMn.1037491098.14.M_fWxxIFwSKkL3_uj8_fnRIFwSMqZ-d5jLiIwUkFwSK,1085382989
sm1.prMn.1037491098.14.M_fWxxIFwSKkL3_uj8_fnRIFwSMqZ-d5jLiIwUkFwSK,1083762520
sm1.prMn.1037491098.14.M_fWxxIFwSKkL3_uj8_fnRIFwSMqZ-d5jLiIwUkFwSK,1086265700
sm1.prMn.1037491098.14.M_fWxxIFwSKkL3_uj8_fnRIFwSMqZ-d5jLiIwUkFwSK,1083031771
sm1.prMn.1037491098.14.M_fWxxIFwSKkL3_uj8_fnRIFwSMqZ-d5jLiIwUkFwSK,1084555851
sm1.prMn.1037491098.14.M_fWxxIFwSKkL3_uj8_fnRIFwSMqZ-d5jLiIwUkFwSK,1082217477
sm1.prMn.1037491098.14.M_fWxxIFwSKkL3_uj8_fnRIFwSMqZ-d5jLiIwUkFwSK,1083096954
sm1.prMn.1037491098.14.M_fWxxIFwSKkL3_uj8_fnRIFwSMqZ-d5jLiIwUkFwSK,1082464050
sm1.prMn.1037491098.14.M_fWxxIFwSKkL3_uj8_fnRIFwSMqZ-d5jLiIwUkFwSK,1085523075
sm1.prMn.1037491098.14.M_fWxxIFwSKkL3_uj8_fnRIFwSMqZ-d5jLiIwUkFwSK,1081900544
sm1.prMn.1037491098.14.M_fWxxIFwSKkL3_uj8_fnRIFwSMqZ-d5jLiIwUkFwSK,1084262267
sm1.prMn.1037491098.14.M_fWxxIFwSKkL3_uj8_fnRIFwSMqZ-d5jLiIwUkFwSK,1084429062
sm1.prMn.1037491098.14.M_fWxxIFwSKkL3_uj8_fnRIFwSMqZ-d5jLiIwUkFwSK,1084718389
sm1.prMn.1037491098.14.M_fWxxIFwSKkL3_uj8_fnRIFwSMqZ-d5jLiIwUkFwSK,1082737048
sm1.prMn.1037491098.14.M_fWxxIFwSKkL3_uj8_fnRIFwSMqZ-d5jLiIwUkFwSK,1082235486
sm1.prMn.1037491098.14.M_fWxxIFwSKkL3_uj8_fnRIFwSMqZ-d5jLiIwUkFwSK,1082288731
sm1.prMn.1037491098.14.M_fWxxIFwSKkL3_uj8_fnRIFwSMqZ-d5jLiIwUkFwSK,1085622863
sm1.prMn.1037491098.14.M_fWxxIFwSKkL3_uj8_fnRIFwSMqZ-d5jLiIwUkFwSK,1084367789
sm1.prMn.1037491098.14.M_fWxxIFwSKkL3_uj8_fnRIFwSMqZ-d5jLiIwUkFwSK,1082080682
sm1.prMn.1037491098.14.M_fWxxIFwSKkL3_uj8_fnRIFwSMqZ-d5jLiIwUkFwSK,1084724851
sm1.prMn.1037491098.14.M_fWxxIFwSKkL3_uj8_fnRIFwSMqZ-d5jLiIwUkFwSK,1080922664
sm1.prMn.1037491098.14.M_fWxxIFwSKkL3_uj8_fnRIFwSMqZ-d5jLiIwUkFwSK,1082076899
sm1.prMn.1037491098.14.M_fWxxIFwSKkL3_uj8_fnRIFwSMqZ-d5jLiIwUkFwSK,1084724416
sm1.prMn.1037491098.14.M_fWxxIFwSKkL3_uj8_fnRIFwSMqZ-d5jLiIwUkFwSK,1086483322
sm1.prMn.1037491098.14.M_fWxxIFwSKkL3_uj8_fnRIFwSMqZ-d5jLiIwUkFwSK,1085275420
sm1.prMn.1037491098.14.M_fWxxIFwSKkL3_uj8_fnRIFwSMqZ-d5jLiIwUkFwSK,1083193680
sm1.prMn.1037491098.14.M_fWxxIFwSKkL3_uj8_fnRIFwSMqZ-d5jLiIwUkFwSK,1085381049
sm1.prMn.1037491098.14.M_fWxxIFwSKkL3_uj8_fnRIFwSMqZ-d5jLiIwUkFwSK,1084362934
sm1.prMn.1037491098.14.M_fWxxIFwSKkL3_uj8_fnRIFwSMqZ-d5jLiIwUkFwSK,1083733879
sm1.prMn.1037491098.14.M_fWxxIFwSKkL3_uj8_fnRIFwSMqZ-d5jLiIwUkFwSK,1086035938
sm1.prMn.1037491098.14.M_fWxxIFwSKkL3_uj8_fnRIFwSMqZ-d5jLiIwUkFwSK,1084554753
sm1.prMn.1037491098.14.M_fWxxIFwSKkL3_uj8_fnRIFwSMqZ-d5jLiIwUkFwSK,1082955375
sm1.prMn.1037491098.14.M_fWxxIFwSKkL3_uj8_fnRIFwSMqZ-d5jLiIwUkFwSK,1085752314
sm1.prMn.1037491098.14.M_fWxxIFwSKkL3_uj8_fnRIFwSMqZ-d5jLiIwUkFwSK,1082241753
sm1.prMn.1037491098.14.M_fWxxIFwSKkL3_uj8_fnRIFwSMqZ-d5jLiIwUkFwSK,1085285439
sm1.prMn.1037491098.14.M_fWxxIFwSKkL3_uj8_fnRIFwSMqZ-d5jLiIwUkFwSK,1086034900
sm1.prMn.1037491098.14.M_fWxxIFwSKkL3_uj8_fnRIFwSMqZ-d5jLiIwUkFwSK,1086266072
sm1.prMn.1037491098.14.M_fWxxIFwSKkL3_uj8_fnRIFwSMqZ-d5jLiIwUkFwSK,1082788716
sm1.prMn.1037491098.14.M_fWxxIFwSKkL3_uj8_fnRIFwSMqZ-d5jLiIwUkFwSK,1086132430
sm1.prMn.1037491098.14.M_fWxxIFwSKkL3_uj8_fnRIFwSMqZ-d5jLiIwUkFwSK,1084722450
sm1.prMn.1037491098.14.M_fWxxIFwSKkL3_uj8_fnRIFwSMqZ-d5jLiIwUkFwSK,1084364645
sm1.prMn.1037491098.14.M_fWxxIFwSKkL3_uj8_fnRIFwSMqZ-d5jLiIwUkFwSK,1085505083
sm1.prMn.1037491098.14.M_fWxxIFwSKkL3_uj8_fnRIFwSMqZ-d5jLiIwUkFwSK,1085182633
sm1.prMn.1037491098.14.M_fWxxIFwSKkL3_uj8_fnRIFwSMqZ-d5jLiIwUkFwSK,1086486381
sm1.prMn.1037491098.14.M_fWxxIFwSKkL3_uj8_fnRIFwSMqZ-d5jLiIwUkFwSK,1083860672
sm1.prMn.1037491098.14.M_fWxxIFwSKkL3_uj8_fnRIFwSMqZ-d5jLiIwUkFwSK,1084366022
sm1.prMn.1037491098.14.M_fWxxIFwSKkL3_uj8_fnRIFwSMqZ-d5jLiIwUkFwSK,1083030837
sm1.prMn.1037491098.14.M_fWxxIFwSKkL3_uj8_fnRIFwSMqZ-d5jLiIwUkFwSK,1083026377
sm1.prMn.1037491098.14.M_fWxxIFwSKkL3_uj8_fnRIFwSMqZ-d5jLiIwUkFwSK,1080856394
sm1.prMn.1037491098.14.M_fWxxIFwSKkL3_uj8_fnRIFwSMqZ-d5jLiIwUkFwSK,1086484351
sm1.prMn.1037491098.14.M_fWxxIFwSKkL3_uj8_fnRIFwSMqZ-d5jLiIwUkFwSK,1085655157
sm1.prMn.1037491098.14.M_fWxxIFwSKkL3_uj8_fnRIFwSMqZ-d5jLiIwUkFwSK,1082720609
sm1.prMn.1037491098.14.M_fWxxIFwSKkL3_uj8_fnRIFwSMqZ-d5jLiIwUkFwSK,1084729113
sm1.prMn.1037491098.14.M_fWxxIFwSKkL3_uj8_fnRIFwSMqZ-d5jLiIwUkFwSK,1084736110
sm1.prMn.1037491098.14.M_fWxxIFwSKkL3_uj8_fnRIFwSMqZ-d5jLiIwUkFwSK,1085342462
sm1.prMn.1037491098.14.M_fWxxIFwSKkL3_uj8_fnRIFwSMqZ-d5jLiIwUkFwSK,1080535674
sm1.prMn.1037491098.14.M_fWxxIFwSKkL3_uj8_fnRIFwSMqZ-d5jLiIwUkFwSK,1084557703
sm1.prMn.1037491098.14.M_fWxxIFwSKkL3_uj8_fnRIFwSMqZ-d5jLiIwUkFwSK,1084363896
sm1.prMn.1037491098.14.M_fWxxIFwSKkL3_uj8_fnRIFwSMqZ-d5jLiIwUkFwSK,1085291232
sm1.prMn.1037491098.14.M_fWxxIFwSKkL3_uj8_fnRIFwSMqZ-d5jLiIwUkFwSK,1084371225
sm1.prMn.1037491098.14.M_fWxxIFwSKkL3_uj8_fnRIFwSMqZ-d5jLiIwUkFwSK,1082090356
sm1.prMn.1037491098.14.M_fWxxIFwSKkL3_uj8_fnRIFwSMqZ-d5jLiIwUkFwSK,1085289792
sm1.prMn.1037491098.14.M_fWxxIFwSKkL3_uj8_fnRIFwSMqZ-d5jLiIwUkFwSK,1084737680
sm1.prMn.1037491098.14.M_fWxxIFwSKkL3_uj8_fnRIFwSMqZ-d5jLiIwUkFwSK,1084205252
sm1.prMn.1037491098.14.M_fWxxIFwSKkL3_uj8_fnRIFwSMqZ-d5jLiIwUkFwSK,1085173161
sm1.prMn.1037491098.14.M_fWxxIFwSKkL3_uj8_fnRIFwSMqZ-d5jLiIwUkFwSK,1082354524
sm1.prMn.1037491098.14.M_fWxxIFwSKkL3_uj8_fnRIFwSMqZ-d5jLiIwUkFwSK,1086604545
sm1.prMn.1037491098.14.M_fWxxIFwSKkL3_uj8_fnRIFwSMqZ-d5jLiIwUkFwSK,1084669396
sm1.prMn.1037491098.14.M_fWxxIFwSKkL3_uj8_fnRIFwSMqZ-d5jLiIwUkFwSK,1082224972
sm1.prMn.1037491098.14.M_fWxxIFwSKkL3_uj8_fnRIFwSMqZ-d5jLiIwUkFwSK,1085287377
sm1.prMn.1037491098.14.M_fWxxIFwSKkL3_uj8_fnRIFwSMqZ-d5jLiIwUkFwSK,1085648652
sm1.prMn.1037491098.14.M_fWxxIFwSKkL3_uj8_fnRIFwSMqZ-d5jLiIwUkFwSK,1081566701
sm1.prMn.1037491098.14.M_fWxxIFwSKkL3_uj8_fnRIFwSMqZ-d5jLiIwUkFwSK,1084550643
sm1.prMn.1037491098.14.M_fWxxIFwSKkL3_uj8_fnRIFwSMqZ-d5jLiIwUkFwSK,1084366854
sm1.prMn.1037491098.14.M_fWxxIFwSKkL3_uj8_fnRIFwSMqZ-d5jLiIwUkFwSK,1082080429
sm1.prMn.1037491098.14.M_fWxxIFwSKkL3_uj8_fnRIFwSMqZ-d5jLiIwUkFwSK,1084310932
sm1.prMn.1037491098.14.M_fWxxIFwSKkL3_uj8_fnRIFwSMqZ-d5jLiIwUkFwSK,1082462558
sm1.prMn.1037491098.14.M_fWxxIFwSKkL3_uj8_fnRIFwSMqZ-d5jLiIwUkFwSK,1084738217
sm1.prMn.1037491098.14.M_fWxxIFwSKkL3_uj8_fnRIFwSMqZ-d5jLiIwUkFwSK,1079387775
sm1.prMn.1037491098.14.M_fWxxIFwSKkL3_uj8_fnRIFwSMqZ-d5jLiIwUkFwSK,1081957949
sm1.prMn.1037491098.14.M_fWxxIFwSKkL3_uj8_fnRIFwSMqZ-d5jLiIwUkFwSK,1083992665
sm1.prMn.1037491098.14.M_fWxxIFwSKkL3_uj8_fnRIFwSMqZ-d5jLiIwUkFwSK,1084737531
sm1.prMn.1037491098.14.M_fWxxIFwSKkL3_uj8_fnRIFwSMqZ-d5jLiIwUkFwSK,1085477205
sm1.prMn.1037491098.14.M_fWxxIFwSKkL3_uj8_fnRIFwSMqZ-d5jLiIwUkFwSK,1084671235
sm1.prMn.1037491098.14.M_fWxxIFwSKkL3_uj8_fnRIFwSMqZ-d5jLiIwUkFwSK,1083981122
sm1.prMn.1037491098.14.M_fWxxIFwSKkL3_uj8_fnRIFwSMqZ-d5jLiIwUkFwSK,1084268022
sm1.prMn.1037491098.14.M_fWxxIFwSKkL3_uj8_fnRIFwSMqZ-d5jLiIwUkFwSK,1084746193
sm1.prMn.1037491098.14.M_fWxxIFwSKkL3_uj8_fnRIFwSMqZ-d5jLiIwUkFwSK,1085264171
sm1.prMn.1037491098.14.M_fWxxIFwSKkL3_uj8_fnRIFwSMqZ-d5jLiIwUkFwSK,1084550284
sm1.prMn.1037491098.14.M_fWxxIFwSKkL3_uj8_fnRIFwSMqZ-d5jLiIwUkFwSK,1082564046
sm1.prMn.1037491098.14.M_fWxxIFwSKkL3_uj8_fnRIFwSMqZ-d5jLiIwUkFwSK,1080662069
sm1.prMn.1037491098.14.M_fWxxIFwSKkL3_uj8_fnRIFwSMqZ-d5jLiIwUkFwSK,1084164754
sm1.prMn.1037491098.14.M_fWxxIFwSKkL3_uj8_fnRIFwSMqZ-d5jLiIwUkFwSK,1083026977
sm1.prMn.1037491098.14.M_fWxxIFwSKkL3_uj8_fnRIFwSMqZ-d5jLiIwUkFwSK,1080673276
sm1.prMn.1037491098.14.M_fWxxIFwSKkL3_uj8_fnRIFwSMqZ-d5jLiIwUkFwSK,1080919154
sm1.e4ih.1018989586.32.KamgiDt-WBJFSZo8tVw0jDt-WBJT_e2qt2D7rOB-WBG,1086156585
sm1.e4ih.1018989586.32.KamgiDt-WBJFSZo8tVw0jDt-WBJT_e2qt2D7rOB-WBG,1086265154
sm1.e4ih.1018989586.32.KamgiDt-WBJFSZo8tVw0jDt-WBJT_e2qt2D7rOB-WBG,1086269562
sm1.e4ih.1018989586.32.KamgiDt-WBJFSZo8tVw0jDt-WBJT_e2qt2D7rOB-WBG,1085657048
sm1.e4ih.1018989586.32.KamgiDt-WBJFSZo8tVw0jDt-WBJT_e2qt2D7rOB-WBG,1085283096
sm1.e4ih.1018989586.32.KamgiDt-WBJFSZo8tVw0jDt-WBJT_e2qt2D7rOB-WBG,1085382989
sm1.e4ih.1018989586.32.KamgiDt-WBJFSZo8tVw0jDt-WBJT_e2qt2D7rOB-WBG,1083762520
sm1.e4ih.1018989586.32.KamgiDt-WBJFSZo8tVw0jDt-WBJT_e2qt2D7rOB-WBG,1086265700
sm1.e4ih.1018989586.32.KamgiDt-WBJFSZo8tVw0jDt-WBJT_e2qt2D7rOB-WBG,1083031771
sm1.e4ih.1018989586.32.KamgiDt-WBJFSZo8tVw0jDt-WBJT_e2qt2D7rOB-WBG,1084555851
sm1.e4ih.1018989586.32.KamgiDt-WBJFSZo8tVw0jDt-WBJT_e2qt2D7rOB-WBG,1082217477
sm1.e4ih.1018989586.32.KamgiDt-WBJFSZo8tVw0jDt-WBJT_e2qt2D7rOB-WBG,1083096954
sm1.e4ih.1018989586.32.KamgiDt-WBJFSZo8tVw0jDt-WBJT_e2qt2D7rOB-WBG,1082464050
sm1.e4ih.1018989586.32.KamgiDt-WBJFSZo8tVw0jDt-WBJT_e2qt2D7rOB-WBG,1085523075
sm1.e4ih.1018989586.32.KamgiDt-WBJFSZo8tVw0jDt-WBJT_e2qt2D7rOB-WBG,1081900544
sm1.e4ih.1018989586.32.KamgiDt-WBJFSZo8tVw0jDt-WBJT_e2qt2D7rOB-WBG,1084262267
sm1.e4ih.1018989586.32.KamgiDt-WBJFSZo8tVw0jDt-WBJT_e2qt2D7rOB-WBG,1084429062
sm1.e4ih.1018989586.32.KamgiDt-WBJFSZo8tVw0jDt-WBJT_e2qt2D7rOB-WBG,1084718389
sm1.e4ih.1018989586.32.KamgiDt-WBJFSZo8tVw0jDt-WBJT_e2qt2D7rOB-WBG,1082737048
sm1.e4ih.1018989586.32.KamgiDt-WBJFSZo8tVw0jDt-WBJT_e2qt2D7rOB-WBG,1082235486
sm1.e4ih.1018989586.32.KamgiDt-WBJFSZo8tVw0jDt-WBJT_e2qt2D7rOB-WBG,1082288731
sm1.e4ih.1018989586.32.KamgiDt-WBJFSZo8tVw0jDt-WBJT_e2qt2D7rOB-WBG,1085622863
sm1.e4ih.1018989586.32.KamgiDt-WBJFSZo8tVw0jDt-WBJT_e2qt2D7rOB-WBG,1084367789
sm1.e4ih.1018989586.32.KamgiDt-WBJFSZo8tVw0jDt-WBJT_e2qt2D7rOB-WBG,1082080682
sm1.e4ih.1018989586.32.KamgiDt-WBJFSZo8tVw0jDt-WBJT_e2qt2D7rOB-WBG,1084724851
sm1.e4ih.1018989586.32.KamgiDt-WBJFSZo8tVw0jDt-WBJT_e2qt2D7rOB-WBG,1080922664
sm1.e4ih.1018989586.32.KamgiDt-WBJFSZo8tVw0jDt-WBJT_e2qt2D7rOB-WBG,1082076899
sm1.e4ih.1018989586.32.KamgiDt-WBJFSZo8tVw0jDt-WBJT_e2qt2D7rOB-WBG,1084724416
sm1.e4ih.1018989586.32.KamgiDt-WBJFSZo8tVw0jDt-WBJT_e2qt2D7rOB-WBG,1086483322
sm1.e4ih.1018989586.32.KamgiDt-WBJFSZo8tVw0jDt-WBJT_e2qt2D7rOB-WBG,1085275420
sm1.e4ih.1018989586.32.KamgiDt-WBJFSZo8tVw0jDt-WBJT_e2qt2D7rOB-WBG,1083193680
sm1.e4ih.1018989586.32.KamgiDt-WBJFSZo8tVw0jDt-WBJT_e2qt2D7rOB-WBG,1085381049
sm1.e4ih.1018989586.32.KamgiDt-WBJFSZo8tVw0jDt-WBJT_e2qt2D7rOB-WBG,1084362934
sm1.e4ih.1018989586.32.KamgiDt-WBJFSZo8tVw0jDt-WBJT_e2qt2D7rOB-WBG,1083733879
sm1.e4ih.1018989586.32.KamgiDt-WBJFSZo8tVw0jDt-WBJT_e2qt2D7rOB-WBG,1086035938
sm1.e4ih.1018989586.32.KamgiDt-WBJFSZo8tVw0jDt-WBJT_e2qt2D7rOB-WBG,1084554753
sm1.e4ih.1018989586.32.KamgiDt-WBJFSZo8tVw0jDt-WBJT_e2qt2D7rOB-WBG,1082955375
sm1.e4ih.1018989586.32.KamgiDt-WBJFSZo8tVw0jDt-WBJT_e2qt2D7rOB-WBG,1085752314
sm1.e4ih.1018989586.32.KamgiDt-WBJFSZo8tVw0jDt-WBJT_e2qt2D7rOB-WBG,1082241753
sm1.e4ih.1018989586.32.KamgiDt-WBJFSZo8tVw0jDt-WBJT_e2qt2D7rOB-WBG,1085285439
sm1.e4ih.1018989586.32.KamgiDt-WBJFSZo8tVw0jDt-WBJT_e2qt2D7rOB-WBG,1086034900
sm1.e4ih.1018989586.32.KamgiDt-WBJFSZo8tVw0jDt-WBJT_e2qt2D7rOB-WBG,1086266072
sm1.e4ih.1018989586.32.KamgiDt-WBJFSZo8tVw0jDt-WBJT_e2qt2D7rOB-WBG,1082788716
sm1.e4ih.1018989586.32.KamgiDt-WBJFSZo8tVw0jDt-WBJT_e2qt2D7rOB-WBG,1086132430
sm1.e4ih.1018989586.32.KamgiDt-WBJFSZo8tVw0jDt-WBJT_e2qt2D7rOB-WBG,1084722450
sm1.e4ih.1018989586.32.KamgiDt-WBJFSZo8tVw0jDt-WBJT_e2qt2D7rOB-WBG,1084364645
sm1.e4ih.1018989586.32.KamgiDt-WBJFSZo8tVw0jDt-WBJT_e2qt2D7rOB-WBG,1085505083
sm1.e4ih.1018989586.32.KamgiDt-WBJFSZo8tVw0jDt-WBJT_e2qt2D7rOB-WBG,1085182633
sm1.e4ih.1018989586.32.KamgiDt-WBJFSZo8tVw0jDt-WBJT_e2qt2D7rOB-WBG,1086486381
sm1.e4ih.1018989586.32.KamgiDt-WBJFSZo8tVw0jDt-WBJT_e2qt2D7rOB-WBG,1083860672
sm1.e4ih.1018989586.32.KamgiDt-WBJFSZo8tVw0jDt-WBJT_e2qt2D7rOB-WBG,1084366022
sm1.e4ih.1018989586.32.KamgiDt-WBJFSZo8tVw0jDt-WBJT_e2qt2D7rOB-WBG,1083030837
sm1.e4ih.1018989586.32.KamgiDt-WBJFSZo8tVw0jDt-WBJT_e2qt2D7rOB-WBG,1083026377
sm1.e4ih.1018989586.32.KamgiDt-WBJFSZo8tVw0jDt-WBJT_e2qt2D7rOB-WBG,1080856394
sm1.e4ih.1018989586.32.KamgiDt-WBJFSZo8tVw0jDt-WBJT_e2qt2D7rOB-WBG,1086484351
sm1.e4ih.1018989586.32.KamgiDt-WBJFSZo8tVw0jDt-WBJT_e2qt2D7rOB-WBG,1085655157
sm1.e4ih.1018989586.32.KamgiDt-WBJFSZo8tVw0jDt-WBJT_e2qt2D7rOB-WBG,1082720609
sm1.e4ih.1018989586.32.KamgiDt-WBJFSZo8tVw0jDt-WBJT_e2qt2D7rOB-WBG,1084729113
sm1.e4ih.1018989586.32.KamgiDt-WBJFSZo8tVw0jDt-WBJT_e2qt2D7rOB-WBG,1084736110
sm1.e4ih.1018989586.32.KamgiDt-WBJFSZo8tVw0jDt-WBJT_e2qt2D7rOB-WBG,1085342462
sm1.e4ih.1018989586.32.KamgiDt-WBJFSZo8tVw0jDt-WBJT_e2qt2D7rOB-WBG,1080535674
sm1.e4ih.1018989586.32.KamgiDt-WBJFSZo8tVw0jDt-WBJT_e2qt2D7rOB-WBG,1084557703
sm1.e4ih.1018989586.32.KamgiDt-WBJFSZo8tVw0jDt-WBJT_e2qt2D7rOB-WBG,1084363896
sm1.e4ih.1018989586.32.KamgiDt-WBJFSZo8tVw0jDt-WBJT_e2qt2D7rOB-WBG,1085291232
sm1.e4ih.1018989586.32.KamgiDt-WBJFSZo8tVw0jDt-WBJT_e2qt2D7rOB-WBG,1084371225
sm1.e4ih.1018989586.32.KamgiDt-WBJFSZo8tVw0jDt-WBJT_e2qt2D7rOB-WBG,1082090356
sm1.e4ih.1018989586.32.KamgiDt-WBJFSZo8tVw0jDt-WBJT_e2qt2D7rOB-WBG,1085289792
sm1.e4ih.1018989586.32.KamgiDt-WBJFSZo8tVw0jDt-WBJT_e2qt2D7rOB-WBG,1084737680
sm1.e4ih.1018989586.32.KamgiDt-WBJFSZo8tVw0jDt-WBJT_e2qt2D7rOB-WBG,1084205252
sm1.e4ih.1018989586.32.KamgiDt-WBJFSZo8tVw0jDt-WBJT_e2qt2D7rOB-WBG,1085173161
sm1.e4ih.1018989586.32.KamgiDt-WBJFSZo8tVw0jDt-WBJT_e2qt2D7rOB-WBG,1082354524
sm1.e4ih.1018989586.32.KamgiDt-WBJFSZo8tVw0jDt-WBJT_e2qt2D7rOB-WBG,1086604545
sm1.e4ih.1018989586.32.KamgiDt-WBJFSZo8tVw0jDt-WBJT_e2qt2D7rOB-WBG,1084669396
sm1.e4ih.1018989586.32.KamgiDt-WBJFSZo8tVw0jDt-WBJT_e2qt2D7rOB-WBG,1082224972
sm1.e4ih.1018989586.32.KamgiDt-WBJFSZo8tVw0jDt-WBJT_e2qt2D7rOB-WBG,1085287377
sm1.e4ih.1018989586.32.KamgiDt-WBJFSZo8tVw0jDt-WBJT_e2qt2D7rOB-WBG,1085648652
sm1.e4ih.1018989586.32.KamgiDt-WBJFSZo8tVw0jDt-WBJT_e2qt2D7rOB-WBG,1081566701
sm1.e4ih.1018989586.32.KamgiDt-WBJFSZo8tVw0jDt-WBJT_e2qt2D7rOB-WBG,1084550643
sm1.e4ih.1018989586.32.KamgiDt-WBJFSZo8tVw0jDt-WBJT_e2qt2D7rOB-WBG,1084366854
sm1.e4ih.1018989586.32.KamgiDt-WBJFSZo8tVw0jDt-WBJT_e2qt2D7rOB-WBG,1082080429
sm1.e4ih.1018989586.32.KamgiDt-WBJFSZo8tVw0jDt-WBJT_e2qt2D7rOB-WBG,1084310932
sm1.e4ih.1018989586.32.KamgiDt-WBJFSZo8tVw0jDt-WBJT_e2qt2D7rOB-WBG,1082462558
sm1.e4ih.1018989586.32.KamgiDt-WBJFSZo8tVw0jDt-WBJT_e2qt2D7rOB-WBG,1084738217
sm1.e4ih.1018989586.32.KamgiDt-WBJFSZo8tVw0jDt-WBJT_e2qt2D7rOB-WBG,1079387775
sm1.e4ih.1018989586.32.KamgiDt-WBJFSZo8tVw0jDt-WBJT_e2qt2D7rOB-WBG,1081957949
sm1.e4ih.1018989586.32.KamgiDt-WBJFSZo8tVw0jDt-WBJT_e2qt2D7rOB-WBG,1083992665
sm1.e4ih.1018989586.32.KamgiDt-WBJFSZo8tVw0jDt-WBJT_e2qt2D7rOB-WBG,1084737531
sm1.e4ih.1018989586.32.KamgiDt-WBJFSZo8tVw0jDt-WBJT_e2qt2D7rOB-WBG,1085477205
sm1.e4ih.1018989586.32.KamgiDt-WBJFSZo8tVw0jDt-WBJT_e2qt2D7rOB-WBG,1084671235
sm1.e4ih.1018989586.32.KamgiDt-WBJFSZo8tVw0jDt-WBJT_e2qt2D7rOB-WBG,1083981122
sm1.e4ih.1018989586.32.KamgiDt-WBJFSZo8tVw0jDt-WBJT_e2qt2D7rOB-WBG,1084268022
sm1.e4ih.1018989586.32.KamgiDt-WBJFSZo8tVw0jDt-WBJT_e2qt2D7rOB-WBG,1084746193
sm1.e4ih.1018989586.32.KamgiDt-WBJFSZo8tVw0jDt-WBJT_e2qt2D7rOB-WBG,1085264171
sm1.e4ih.1018989586.32.KamgiDt-WBJFSZo8tVw0jDt-WBJT_e2qt2D7rOB-WBG,1084550284
sm1.e4ih.1018989586.32.KamgiDt-WBJFSZo8tVw0jDt-WBJT_e2qt2D7rOB-WBG,1082564046
sm1.e4ih.1018989586.32.KamgiDt-WBJFSZo8tVw0jDt-WBJT_e2qt2D7rOB-WBG,1080662069
sm1.e4ih.1018989586.32.KamgiDt-WBJFSZo8tVw0jDt-WBJT_e2qt2D7rOB-WBG,1084164754
sm1.e4ih.1018989586.32.KamgiDt-WBJFSZo8tVw0jDt-WBJT_e2qt2D7rOB-WBG,1083026977
sm1.e4ih.1018989586.32.KamgiDt-WBJFSZo8tVw0jDt-WBJT_e2qt2D7rOB-WBG,1080673276
sm1.e4ih.1018989586.32.KamgiDt-WBJFSZo8tVw0jDt-WBJT_e2qt2D7rOB-WBG,1080919154
